<annotation>
	<folder>VOC2012</folder>
	<filename>2007_004133.jpg</filename>
	<source>
		<database>The VOC2007 Database</database>
		<annotation>PASCAL VOC2007</annotation>
		<image>flickr</image>
	</source>
	<size>
		<width>500</width>
		<height>334</height>
		<depth>3</depth>
	</size>
	<segmented>0</segmented>
	<object>
		<name>person</name>
		<pose>Right</pose>
		<truncated>1</truncated>
		<difficult>0</difficult>
		<bndbox>
			<xmin>97</xmin>
			<ymin>18</ymin>
			<xmax>224</xmax>
			<ymax>334</ymax>
		</bndbox>
		<part>
			<name>head</name>
			<bndbox>
				<xmin>97</xmin>
				<ymin>19</ymin>
				<xmax>176</xmax>
				<ymax>119</ymax>
			</bndbox>
		</part>
		<part>
			<name>hand</name>
			<bndbox>
				<xmin>180</xmin>
				<ymin>169</ymin>
				<xmax>209</xmax>
				<ymax>191</ymax>
			</bndbox>
		</part>
		<part>
			<name>hand</name>
			<bndbox>
				<xmin>188</xmin>
				<ymin>190</ymin>
				<xmax>224</xmax>
				<ymax>216</ymax>
			</bndbox>
		</part>
		<part>
			<name>foot</name>
			<bndbox>
				<xmin>164</xmin>
				<ymin>300</ymin>
				<xmax>199</xmax>
				<ymax>320</ymax>
			</bndbox>
		</part>
		<part>
			<name>foot</name>
			<bndbox>
				<xmin>144</xmin>
				<ymin>324</ymin>
				<xmax>171</xmax>
				<ymax>334</ymax>
			</bndbox>
		</part>
	</object>
</annotation>
