<annotation>
	<folder>VOC2012</folder>
	<filename>2007_006856.jpg</filename>
	<source>
		<database>The VOC2007 Database</database>
		<annotation>PASCAL VOC2007</annotation>
		<image>flickr</image>
	</source>
	<size>
		<width>375</width>
		<height>500</height>
		<depth>3</depth>
	</size>
	<segmented>0</segmented>
	<object>
		<name>person</name>
		<pose>Unspecified</pose>
		<truncated>1</truncated>
		<difficult>0</difficult>
		<bndbox>
			<xmin>52</xmin>
			<ymin>118</ymin>
			<xmax>278</xmax>
			<ymax>432</ymax>
		</bndbox>
		<part>
			<name>head</name>
			<bndbox>
				<xmin>149</xmin>
				<ymin>120</ymin>
				<xmax>245</xmax>
				<ymax>237</ymax>
			</bndbox>
		</part>
		<part>
			<name>hand</name>
			<bndbox>
				<xmin>72</xmin>
				<ymin>150</ymin>
				<xmax>132</xmax>
				<ymax>235</ymax>
			</bndbox>
		</part>
	</object>
</annotation>
