<annotation>
	<folder>VOC2012</folder>
	<filename>2007_004265.jpg</filename>
	<source>
		<database>The VOC2007 Database</database>
		<annotation>PASCAL VOC2007</annotation>
		<image>flickr</image>
	</source>
	<size>
		<width>500</width>
		<height>375</height>
		<depth>3</depth>
	</size>
	<segmented>0</segmented>
	<object>
		<name>person</name>
		<pose>Left</pose>
		<truncated>0</truncated>
		<difficult>0</difficult>
		<bndbox>
			<xmin>253</xmin>
			<ymin>139</ymin>
			<xmax>402</xmax>
			<ymax>276</ymax>
		</bndbox>
		<part>
			<name>head</name>
			<bndbox>
				<xmin>359</xmin>
				<ymin>140</ymin>
				<xmax>389</xmax>
				<ymax>175</ymax>
			</bndbox>
		</part>
		<part>
			<name>foot</name>
			<bndbox>
				<xmin>253</xmin>
				<ymin>251</ymin>
				<xmax>294</xmax>
				<ymax>275</ymax>
			</bndbox>
		</part>
		<part>
			<name>hand</name>
			<bndbox>
				<xmin>283</xmin>
				<ymin>182</ymin>
				<xmax>307</xmax>
				<ymax>210</ymax>
			</bndbox>
		</part>
	</object>
</annotation>
