<annotation>
	<folder>VOC2012</folder>
	<filename>2007_002427.jpg</filename>
	<source>
		<database>The VOC2007 Database</database>
		<annotation>PASCAL VOC2007</annotation>
		<image>flickr</image>
	</source>
	<size>
		<width>320</width>
		<height>240</height>
		<depth>3</depth>
	</size>
	<segmented>1</segmented>
	<object>
		<name>sofa</name>
		<pose>Left</pose>
		<truncated>1</truncated>
		<difficult>0</difficult>
		<bndbox>
			<xmin>161</xmin>
			<ymin>143</ymin>
			<xmax>261</xmax>
			<ymax>228</ymax>
		</bndbox>
	</object>
	<object>
		<name>sofa</name>
		<pose>Right</pose>
		<truncated>1</truncated>
		<difficult>0</difficult>
		<bndbox>
			<xmin>1</xmin>
			<ymin>60</ymin>
			<xmax>137</xmax>
			<ymax>240</ymax>
		</bndbox>
	</object>
	<object>
		<name>pottedplant</name>
		<pose>Unspecified</pose>
		<truncated>1</truncated>
		<difficult>1</difficult>
		<bndbox>
			<xmin>253</xmin>
			<ymin>181</ymin>
			<xmax>320</xmax>
			<ymax>240</ymax>
		</bndbox>
	</object>
</annotation>
