<annotation>
	<folder>VOC2012</folder>
	<filename>2007_001288.jpg</filename>
	<source>
		<database>The VOC2007 Database</database>
		<annotation>PASCAL VOC2007</annotation>
		<image>flickr</image>
	</source>
	<size>
		<width>500</width>
		<height>342</height>
		<depth>3</depth>
	</size>
	<segmented>1</segmented>
	<object>
		<name>aeroplane</name>
		<pose>Unspecified</pose>
		<truncated>0</truncated>
		<difficult>0</difficult>
		<bndbox>
			<xmin>68</xmin>
			<ymin>76</ymin>
			<xmax>426</xmax>
			<ymax>209</ymax>
		</bndbox>
	</object>
	<object>
		<name>aeroplane</name>
		<pose>Left</pose>
		<truncated>0</truncated>
		<difficult>0</difficult>
		<bndbox>
			<xmin>357</xmin>
			<ymin>272</ymin>
			<xmax>497</xmax>
			<ymax>317</ymax>
		</bndbox>
	</object>
	<object>
		<name>aeroplane</name>
		<pose>Left</pose>
		<truncated>0</truncated>
		<difficult>0</difficult>
		<bndbox>
			<xmin>196</xmin>
			<ymin>272</ymin>
			<xmax>316</xmax>
			<ymax>314</ymax>
		</bndbox>
	</object>
</annotation>
