<annotation>
	<folder>VOC2012</folder>
	<filename>2007_005450.jpg</filename>
	<source>
		<database>The VOC2007 Database</database>
		<annotation>PASCAL VOC2007</annotation>
		<image>flickr</image>
	</source>
	<size>
		<width>357</width>
		<height>500</height>
		<depth>3</depth>
	</size>
	<segmented>0</segmented>
	<object>
		<name>person</name>
		<pose>Frontal</pose>
		<truncated>0</truncated>
		<difficult>0</difficult>
		<bndbox>
			<xmin>7</xmin>
			<ymin>123</ymin>
			<xmax>342</xmax>
			<ymax>500</ymax>
		</bndbox>
		<part>
			<name>head</name>
			<bndbox>
				<xmin>116</xmin>
				<ymin>125</ymin>
				<xmax>226</xmax>
				<ymax>276</ymax>
			</bndbox>
		</part>
		<part>
			<name>hand</name>
			<bndbox>
				<xmin>179</xmin>
				<ymin>436</ymin>
				<xmax>265</xmax>
				<ymax>500</ymax>
			</bndbox>
		</part>
		<part>
			<name>hand</name>
			<bndbox>
				<xmin>107</xmin>
				<ymin>433</ymin>
				<xmax>194</xmax>
				<ymax>496</ymax>
			</bndbox>
		</part>
	</object>
</annotation>
