<annotation>
	<folder>VOC2012</folder>
	<filename>2007_001884.jpg</filename>
	<source>
		<database>The VOC2007 Database</database>
		<annotation>PASCAL VOC2007</annotation>
		<image>flickr</image>
	</source>
	<size>
		<width>500</width>
		<height>375</height>
		<depth>3</depth>
	</size>
	<segmented>1</segmented>
	<object>
		<name>bus</name>
		<pose>Unspecified</pose>
		<truncated>1</truncated>
		<difficult>1</difficult>
		<bndbox>
			<xmin>189</xmin>
			<ymin>217</ymin>
			<xmax>201</xmax>
			<ymax>245</ymax>
		</bndbox>
	</object>
	<object>
		<name>bus</name>
		<pose>Left</pose>
		<truncated>0</truncated>
		<difficult>0</difficult>
		<bndbox>
			<xmin>200</xmin>
			<ymin>216</ymin>
			<xmax>311</xmax>
			<ymax>251</ymax>
		</bndbox>
	</object>
	<object>
		<name>bus</name>
		<pose>Left</pose>
		<truncated>0</truncated>
		<difficult>0</difficult>
		<bndbox>
			<xmin>309</xmin>
			<ymin>213</ymin>
			<xmax>416</xmax>
			<ymax>245</ymax>
		</bndbox>
	</object>
	<object>
		<name>aeroplane</name>
		<pose>Left</pose>
		<truncated>0</truncated>
		<difficult>0</difficult>
		<bndbox>
			<xmin>130</xmin>
			<ymin>112</ymin>
			<xmax>435</xmax>
			<ymax>211</ymax>
		</bndbox>
	</object>
</annotation>
