<annotation>
	<folder>VOC2012</folder>
	<filename>2007_003329.jpg</filename>
	<source>
		<database>The VOC2007 Database</database>
		<annotation>PASCAL VOC2007</annotation>
		<image>flickr</image>
	</source>
	<size>
		<width>332</width>
		<height>500</height>
		<depth>3</depth>
	</size>
	<segmented>0</segmented>
	<object>
		<name>person</name>
		<pose>Frontal</pose>
		<truncated>0</truncated>
		<difficult>0</difficult>
		<bndbox>
			<xmin>11</xmin>
			<ymin>15</ymin>
			<xmax>284</xmax>
			<ymax>495</ymax>
		</bndbox>
		<part>
			<name>head</name>
			<bndbox>
				<xmin>106</xmin>
				<ymin>17</ymin>
				<xmax>190</xmax>
				<ymax>131</ymax>
			</bndbox>
		</part>
		<part>
			<name>hand</name>
			<bndbox>
				<xmin>105</xmin>
				<ymin>151</ymin>
				<xmax>158</xmax>
				<ymax>196</ymax>
			</bndbox>
		</part>
		<part>
			<name>hand</name>
			<bndbox>
				<xmin>168</xmin>
				<ymin>167</ymin>
				<xmax>215</xmax>
				<ymax>210</ymax>
			</bndbox>
		</part>
		<part>
			<name>foot</name>
			<bndbox>
				<xmin>200</xmin>
				<ymin>394</ymin>
				<xmax>227</xmax>
				<ymax>444</ymax>
			</bndbox>
		</part>
		<part>
			<name>foot</name>
			<bndbox>
				<xmin>157</xmin>
				<ymin>445</ymin>
				<xmax>189</xmax>
				<ymax>496</ymax>
			</bndbox>
		</part>
	</object>
</annotation>
