<annotation>
	<folder>VOC2012</folder>
	<filename>2007_005896.jpg</filename>
	<source>
		<database>The VOC2007 Database</database>
		<annotation>PASCAL VOC2007</annotation>
		<image>flickr</image>
	</source>
	<size>
		<width>334</width>
		<height>500</height>
		<depth>3</depth>
	</size>
	<segmented>0</segmented>
	<object>
		<name>person</name>
		<pose>Unspecified</pose>
		<truncated>0</truncated>
		<difficult>0</difficult>
		<bndbox>
			<xmin>15</xmin>
			<ymin>98</ymin>
			<xmax>275</xmax>
			<ymax>500</ymax>
		</bndbox>
		<part>
			<name>head</name>
			<bndbox>
				<xmin>109</xmin>
				<ymin>100</ymin>
				<xmax>204</xmax>
				<ymax>224</ymax>
			</bndbox>
		</part>
		<part>
			<name>hand</name>
			<bndbox>
				<xmin>182</xmin>
				<ymin>238</ymin>
				<xmax>275</xmax>
				<ymax>346</ymax>
			</bndbox>
		</part>
		<part>
			<name>hand</name>
			<bndbox>
				<xmin>96</xmin>
				<ymin>215</ymin>
				<xmax>160</xmax>
				<ymax>308</ymax>
			</bndbox>
		</part>
	</object>
</annotation>
