<annotation>
	<folder>VOC2012</folder>
	<filename>2007_004454.jpg</filename>
	<source>
		<database>The VOC2007 Database</database>
		<annotation>PASCAL VOC2007</annotation>
		<image>flickr</image>
	</source>
	<size>
		<width>375</width>
		<height>500</height>
		<depth>3</depth>
	</size>
	<segmented>0</segmented>
	<object>
		<name>person</name>
		<pose>Frontal</pose>
		<truncated>0</truncated>
		<difficult>0</difficult>
		<bndbox>
			<xmin>213</xmin>
			<ymin>95</ymin>
			<xmax>311</xmax>
			<ymax>375</ymax>
		</bndbox>
		<part>
			<name>head</name>
			<bndbox>
				<xmin>251</xmin>
				<ymin>97</ymin>
				<xmax>279</xmax>
				<ymax>138</ymax>
			</bndbox>
		</part>
		<part>
			<name>hand</name>
			<bndbox>
				<xmin>214</xmin>
				<ymin>235</ymin>
				<xmax>231</xmax>
				<ymax>258</ymax>
			</bndbox>
		</part>
		<part>
			<name>hand</name>
			<bndbox>
				<xmin>299</xmin>
				<ymin>241</ymin>
				<xmax>310</xmax>
				<ymax>267</ymax>
			</bndbox>
		</part>
		<part>
			<name>foot</name>
			<bndbox>
				<xmin>211</xmin>
				<ymin>356</ymin>
				<xmax>235</xmax>
				<ymax>372</ymax>
			</bndbox>
		</part>
		<part>
			<name>foot</name>
			<bndbox>
				<xmin>254</xmin>
				<ymin>363</ymin>
				<xmax>283</xmax>
				<ymax>376</ymax>
			</bndbox>
		</part>
	</object>
</annotation>
