<annotation>
	<folder>VOC2012</folder>
	<filename>2007_002079.jpg</filename>
	<source>
		<database>The VOC2007 Database</database>
		<annotation>PASCAL VOC2007</annotation>
		<image>flickr</image>
	</source>
	<size>
		<width>500</width>
		<height>375</height>
		<depth>3</depth>
	</size>
	<segmented>0</segmented>
	<object>
		<name>person</name>
		<pose>Unspecified</pose>
		<truncated>1</truncated>
		<difficult>0</difficult>
		<part>
			<name>head</name>
			<bndbox>
				<xmin>255</xmin>
				<ymin>37</ymin>
				<xmax>319</xmax>
				<ymax>119</ymax>
			</bndbox>
		</part>
		<part>
			<name>hand</name>
			<bndbox>
				<xmin>211</xmin>
				<ymin>298</ymin>
				<xmax>235</xmax>
				<ymax>341</ymax>
			</bndbox>
		</part>
		<bndbox>
			<xmin>210</xmin>
			<ymin>37</ymin>
			<xmax>327</xmax>
			<ymax>374</ymax>
		</bndbox>
	</object>
	<object>
		<name>person</name>
		<pose>Unspecified</pose>
		<truncated>1</truncated>
		<difficult>0</difficult>
		<part>
			<name>head</name>
			<bndbox>
				<xmin>328</xmin>
				<ymin>80</ymin>
				<xmax>392</xmax>
				<ymax>159</ymax>
			</bndbox>
		</part>
		<part>
			<name>hand</name>
			<bndbox>
				<xmin>388</xmin>
				<ymin>327</ymin>
				<xmax>414</xmax>
				<ymax>362</ymax>
			</bndbox>
		</part>
		<bndbox>
			<xmin>313</xmin>
			<ymin>79</ymin>
			<xmax>433</xmax>
			<ymax>372</ymax>
		</bndbox>
	</object>
</annotation>
