<annotation>
	<folder>VOC2012</folder>
	<filename>2007_004197.jpg</filename>
	<source>
		<database>The VOC2007 Database</database>
		<annotation>PASCAL VOC2007</annotation>
		<image>flickr</image>
	</source>
	<size>
		<width>500</width>
		<height>334</height>
		<depth>3</depth>
	</size>
	<segmented>0</segmented>
	<object>
		<name>person</name>
		<pose>Frontal</pose>
		<truncated>1</truncated>
		<difficult>0</difficult>
		<bndbox>
			<xmin>246</xmin>
			<ymin>21</ymin>
			<xmax>485</xmax>
			<ymax>334</ymax>
		</bndbox>
		<part>
			<name>head</name>
			<bndbox>
				<xmin>312</xmin>
				<ymin>22</ymin>
				<xmax>404</xmax>
				<ymax>153</ymax>
			</bndbox>
		</part>
		<part>
			<name>hand</name>
			<bndbox>
				<xmin>321</xmin>
				<ymin>227</ymin>
				<xmax>402</xmax>
				<ymax>295</ymax>
			</bndbox>
		</part>
		<part>
			<name>hand</name>
			<bndbox>
				<xmin>274</xmin>
				<ymin>205</ymin>
				<xmax>338</xmax>
				<ymax>248</ymax>
			</bndbox>
		</part>
	</object>
</annotation>
