<annotation>
	<folder>VOC2012</folder>
	<filename>2007_003226.jpg</filename>
	<source>
		<database>The VOC2007 Database</database>
		<annotation>PASCAL VOC2007</annotation>
		<image>flickr</image>
	</source>
	<size>
		<width>333</width>
		<height>500</height>
		<depth>3</depth>
	</size>
	<segmented>0</segmented>
	<object>
		<name>person</name>
		<pose>Frontal</pose>
		<truncated>0</truncated>
		<difficult>0</difficult>
		<bndbox>
			<xmin>71</xmin>
			<ymin>43</ymin>
			<xmax>286</xmax>
			<ymax>485</ymax>
		</bndbox>
		<part>
			<name>head</name>
			<bndbox>
				<xmin>114</xmin>
				<ymin>42</ymin>
				<xmax>197</xmax>
				<ymax>138</ymax>
			</bndbox>
		</part>
		<part>
			<name>hand</name>
			<bndbox>
				<xmin>175</xmin>
				<ymin>202</ymin>
				<xmax>210</xmax>
				<ymax>243</ymax>
			</bndbox>
		</part>
		<part>
			<name>hand</name>
			<bndbox>
				<xmin>138</xmin>
				<ymin>241</ymin>
				<xmax>193</xmax>
				<ymax>290</ymax>
			</bndbox>
		</part>
		<part>
			<name>foot</name>
			<bndbox>
				<xmin>70</xmin>
				<ymin>445</ymin>
				<xmax>131</xmax>
				<ymax>489</ymax>
			</bndbox>
		</part>
		<part>
			<name>foot</name>
			<bndbox>
				<xmin>226</xmin>
				<ymin>438</ymin>
				<xmax>278</xmax>
				<ymax>486</ymax>
			</bndbox>
		</part>
	</object>
</annotation>
