<annotation>
	<folder>VOC2012</folder>
	<filename>2007_006553.jpg</filename>
	<source>
		<database>The VOC2007 Database</database>
		<annotation>PASCAL VOC2007</annotation>
		<image>flickr</image>
	</source>
	<size>
		<width>366</width>
		<height>500</height>
		<depth>3</depth>
	</size>
	<segmented>1</segmented>
	<object>
		<name>chair</name>
		<pose>Frontal</pose>
		<truncated>0</truncated>
		<difficult>0</difficult>
		<bndbox>
			<xmin>160</xmin>
			<ymin>219</ymin>
			<xmax>351</xmax>
			<ymax>486</ymax>
		</bndbox>
	</object>
</annotation>
