<annotation>
	<folder>VOC2012</folder>
	<filename>2007_006442.jpg</filename>
	<source>
		<database>The VOC2007 Database</database>
		<annotation>PASCAL VOC2007</annotation>
		<image>flickr</image>
	</source>
	<size>
		<width>348</width>
		<height>500</height>
		<depth>3</depth>
	</size>
	<segmented>0</segmented>
	<object>
		<name>person</name>
		<pose>Frontal</pose>
		<truncated>1</truncated>
		<difficult>0</difficult>
		<part>
			<name>head</name>
			<bndbox>
				<xmin>33</xmin>
				<ymin>31</ymin>
				<xmax>137</xmax>
				<ymax>180</ymax>
			</bndbox>
		</part>
		<part>
			<name>hand</name>
			<bndbox>
				<xmin>125</xmin>
				<ymin>283</ymin>
				<xmax>191</xmax>
				<ymax>364</ymax>
			</bndbox>
		</part>
		<bndbox>
			<xmin>2</xmin>
			<ymin>29</ymin>
			<xmax>195</xmax>
			<ymax>500</ymax>
		</bndbox>
	</object>
	<object>
		<name>person</name>
		<pose>Unspecified</pose>
		<truncated>1</truncated>
		<difficult>0</difficult>
		<part>
			<name>hand</name>
			<bndbox>
				<xmin>130</xmin>
				<ymin>460</ymin>
				<xmax>171</xmax>
				<ymax>500</ymax>
			</bndbox>
		</part>
		<part>
			<name>hand</name>
			<bndbox>
				<xmin>313</xmin>
				<ymin>447</ymin>
				<xmax>348</xmax>
				<ymax>500</ymax>
			</bndbox>
		</part>
		<part>
			<name>head</name>
			<bndbox>
				<xmin>210</xmin>
				<ymin>183</ymin>
				<xmax>336</xmax>
				<ymax>325</ymax>
			</bndbox>
		</part>
		<bndbox>
			<xmin>130</xmin>
			<ymin>181</ymin>
			<xmax>347</xmax>
			<ymax>500</ymax>
		</bndbox>
	</object>
</annotation>
