<annotation>
	<folder>VOC2012</folder>
	<filename>2007_003831.jpg</filename>
	<source>
		<database>The VOC2007 Database</database>
		<annotation>PASCAL VOC2007</annotation>
		<image>flickr</image>
	</source>
	<size>
		<width>500</width>
		<height>375</height>
		<depth>3</depth>
	</size>
	<segmented>0</segmented>
	<object>
		<name>person</name>
		<pose>Unspecified</pose>
		<truncated>0</truncated>
		<difficult>0</difficult>
		<bndbox>
			<xmin>48</xmin>
			<ymin>18</ymin>
			<xmax>249</xmax>
			<ymax>359</ymax>
		</bndbox>
		<part>
			<name>head</name>
			<bndbox>
				<xmin>88</xmin>
				<ymin>24</ymin>
				<xmax>147</xmax>
				<ymax>99</ymax>
			</bndbox>
		</part>
		<part>
			<name>foot</name>
			<bndbox>
				<xmin>175</xmin>
				<ymin>304</ymin>
				<xmax>249</xmax>
				<ymax>338</ymax>
			</bndbox>
		</part>
		<part>
			<name>foot</name>
			<bndbox>
				<xmin>206</xmin>
				<ymin>340</ymin>
				<xmax>236</xmax>
				<ymax>358</ymax>
			</bndbox>
		</part>
		<part>
			<name>hand</name>
			<bndbox>
				<xmin>136</xmin>
				<ymin>180</ymin>
				<xmax>155</xmax>
				<ymax>210</ymax>
			</bndbox>
		</part>
		<part>
			<name>hand</name>
			<bndbox>
				<xmin>140</xmin>
				<ymin>195</ymin>
				<xmax>158</xmax>
				<ymax>212</ymax>
			</bndbox>
		</part>
	</object>
	<object>
		<name>person</name>
		<pose>Unspecified</pose>
		<truncated>0</truncated>
		<difficult>0</difficult>
		<bndbox>
			<xmin>182</xmin>
			<ymin>82</ymin>
			<xmax>321</xmax>
			<ymax>332</ymax>
		</bndbox>
		<part>
			<name>head</name>
			<bndbox>
				<xmin>220</xmin>
				<ymin>92</ymin>
				<xmax>287</xmax>
				<ymax>149</ymax>
			</bndbox>
		</part>
		<part>
			<name>hand</name>
			<bndbox>
				<xmin>289</xmin>
				<ymin>214</ymin>
				<xmax>312</xmax>
				<ymax>249</ymax>
			</bndbox>
		</part>
		<part>
			<name>hand</name>
			<bndbox>
				<xmin>243</xmin>
				<ymin>232</ymin>
				<xmax>268</xmax>
				<ymax>260</ymax>
			</bndbox>
		</part>
		<part>
			<name>foot</name>
			<bndbox>
				<xmin>269</xmin>
				<ymin>280</ymin>
				<xmax>322</xmax>
				<ymax>319</ymax>
			</bndbox>
		</part>
		<part>
			<name>foot</name>
			<bndbox>
				<xmin>231</xmin>
				<ymin>295</ymin>
				<xmax>265</xmax>
				<ymax>330</ymax>
			</bndbox>
		</part>
	</object>
</annotation>
