<annotation>
	<folder>VOC2012</folder>
	<filename>2007_005748.jpg</filename>
	<source>
		<database>The VOC2007 Database</database>
		<annotation>PASCAL VOC2007</annotation>
		<image>flickr</image>
	</source>
	<size>
		<width>500</width>
		<height>375</height>
		<depth>3</depth>
	</size>
	<segmented>0</segmented>
	<object>
		<name>person</name>
		<pose>Unspecified</pose>
		<truncated>1</truncated>
		<difficult>0</difficult>
		<part>
			<name>hand</name>
			<bndbox>
				<xmin>432</xmin>
				<ymin>55</ymin>
				<xmax>460</xmax>
				<ymax>70</ymax>
			</bndbox>
		</part>
		<part>
			<name>head</name>
			<bndbox>
				<xmin>399</xmin>
				<ymin>1</ymin>
				<xmax>433</xmax>
				<ymax>20</ymax>
			</bndbox>
		</part>
		<bndbox>
			<xmin>336</xmin>
			<ymin>1</ymin>
			<xmax>463</xmax>
			<ymax>201</ymax>
		</bndbox>
	</object>
	<object>
		<name>person</name>
		<pose>Unspecified</pose>
		<truncated>1</truncated>
		<difficult>0</difficult>
		<part>
			<name>head</name>
			<bndbox>
				<xmin>249</xmin>
				<ymin>71</ymin>
				<xmax>356</xmax>
				<ymax>200</ymax>
			</bndbox>
		</part>
		<part>
			<name>hand</name>
			<bndbox>
				<xmin>150</xmin>
				<ymin>237</ymin>
				<xmax>222</xmax>
				<ymax>283</ymax>
			</bndbox>
		</part>
		<part>
			<name>hand</name>
			<bndbox>
				<xmin>109</xmin>
				<ymin>356</ymin>
				<xmax>189</xmax>
				<ymax>375</ymax>
			</bndbox>
		</part>
		<bndbox>
			<xmin>128</xmin>
			<ymin>66</ymin>
			<xmax>414</xmax>
			<ymax>375</ymax>
		</bndbox>
	</object>
</annotation>
