<annotation>
	<folder>VOC2012</folder>
	<filename>2007_005695.jpg</filename>
	<source>
		<database>The VOC2007 Database</database>
		<annotation>PASCAL VOC2007</annotation>
		<image>flickr</image>
	</source>
	<size>
		<width>375</width>
		<height>500</height>
		<depth>3</depth>
	</size>
	<segmented>0</segmented>
	<object>
		<name>person</name>
		<pose>Unspecified</pose>
		<truncated>1</truncated>
		<difficult>0</difficult>
		<bndbox>
			<xmin>71</xmin>
			<ymin>129</ymin>
			<xmax>331</xmax>
			<ymax>499</ymax>
		</bndbox>
		<part>
			<name>head</name>
			<bndbox>
				<xmin>111</xmin>
				<ymin>130</ymin>
				<xmax>200</xmax>
				<ymax>253</ymax>
			</bndbox>
		</part>
		<part>
			<name>hand</name>
			<bndbox>
				<xmin>256</xmin>
				<ymin>340</ymin>
				<xmax>310</xmax>
				<ymax>399</ymax>
			</bndbox>
		</part>
		<part>
			<name>hand</name>
			<bndbox>
				<xmin>244</xmin>
				<ymin>265</ymin>
				<xmax>274</xmax>
				<ymax>318</ymax>
			</bndbox>
		</part>
	</object>
	<object>
		<name>person</name>
		<pose>Unspecified</pose>
		<truncated>0</truncated>
		<difficult>0</difficult>
		<bndbox>
			<xmin>171</xmin>
			<ymin>196</ymin>
			<xmax>330</xmax>
			<ymax>486</ymax>
		</bndbox>
		<part>
			<name>head</name>
			<bndbox>
				<xmin>179</xmin>
				<ymin>197</ymin>
				<xmax>246</xmax>
				<ymax>277</ymax>
			</bndbox>
		</part>
		<part>
			<name>hand</name>
			<bndbox>
				<xmin>181</xmin>
				<ymin>367</ymin>
				<xmax>222</xmax>
				<ymax>402</ymax>
			</bndbox>
		</part>
		<part>
			<name>foot</name>
			<bndbox>
				<xmin>294</xmin>
				<ymin>440</ymin>
				<xmax>327</xmax>
				<ymax>490</ymax>
			</bndbox>
		</part>
	</object>
</annotation>
