<annotation>
	<folder>VOC2012</folder>
	<filename>2007_003091.jpg</filename>
	<source>
		<database>The VOC2007 Database</database>
		<annotation>PASCAL VOC2007</annotation>
		<image>flickr</image>
	</source>
	<size>
		<width>333</width>
		<height>500</height>
		<depth>3</depth>
	</size>
	<segmented>0</segmented>
	<object>
		<name>person</name>
		<pose>Frontal</pose>
		<truncated>1</truncated>
		<difficult>0</difficult>
		<part>
			<name>head</name>
			<bndbox>
				<xmin>106</xmin>
				<ymin>188</ymin>
				<xmax>183</xmax>
				<ymax>284</ymax>
			</bndbox>
		</part>
		<part>
			<name>hand</name>
			<bndbox>
				<xmin>66</xmin>
				<ymin>260</ymin>
				<xmax>124</xmax>
				<ymax>326</ymax>
			</bndbox>
		</part>
		<bndbox>
			<xmin>35</xmin>
			<ymin>168</ymin>
			<xmax>270</xmax>
			<ymax>495</ymax>
		</bndbox>
	</object>
	<object>
		<name>person</name>
		<pose>Left</pose>
		<truncated>1</truncated>
		<difficult>0</difficult>
		<part>
			<name>head</name>
			<bndbox>
				<xmin>205</xmin>
				<ymin>1</ymin>
				<xmax>333</xmax>
				<ymax>147</ymax>
			</bndbox>
		</part>
		<part>
			<name>hand</name>
			<bndbox>
				<xmin>40</xmin>
				<ymin>378</ymin>
				<xmax>102</xmax>
				<ymax>429</ymax>
			</bndbox>
		</part>
		<bndbox>
			<xmin>43</xmin>
			<ymin>2</ymin>
			<xmax>333</xmax>
			<ymax>458</ymax>
		</bndbox>
	</object>
</annotation>
