<annotation>
	<folder>VOC2012</folder>
	<filename>2007_004795.jpg</filename>
	<source>
		<database>The VOC2007 Database</database>
		<annotation>PASCAL VOC2007</annotation>
		<image>flickr</image>
	</source>
	<size>
		<width>480</width>
		<height>360</height>
		<depth>3</depth>
	</size>
	<segmented>0</segmented>
	<object>
		<name>person</name>
		<pose>Frontal</pose>
		<truncated>0</truncated>
		<difficult>0</difficult>
		<bndbox>
			<xmin>226</xmin>
			<ymin>122</ymin>
			<xmax>301</xmax>
			<ymax>292</ymax>
		</bndbox>
		<part>
			<name>head</name>
			<bndbox>
				<xmin>246</xmin>
				<ymin>123</ymin>
				<xmax>268</xmax>
				<ymax>151</ymax>
			</bndbox>
		</part>
		<part>
			<name>hand</name>
			<bndbox>
				<xmin>259</xmin>
				<ymin>199</ymin>
				<xmax>271</xmax>
				<ymax>210</ymax>
			</bndbox>
		</part>
		<part>
			<name>hand</name>
			<bndbox>
				<xmin>264</xmin>
				<ymin>200</ymin>
				<xmax>273</xmax>
				<ymax>212</ymax>
			</bndbox>
		</part>
		<part>
			<name>foot</name>
			<bndbox>
				<xmin>269</xmin>
				<ymin>272</ymin>
				<xmax>286</xmax>
				<ymax>288</ymax>
			</bndbox>
		</part>
		<part>
			<name>foot</name>
			<bndbox>
				<xmin>285</xmin>
				<ymin>266</ymin>
				<xmax>298</xmax>
				<ymax>283</ymax>
			</bndbox>
		</part>
	</object>
</annotation>
