<annotation>
	<folder>VOC2012</folder>
	<filename>2007_006788.jpg</filename>
	<source>
		<database>The VOC2007 Database</database>
		<annotation>PASCAL VOC2007</annotation>
		<image>flickr</image>
	</source>
	<size>
		<width>500</width>
		<height>375</height>
		<depth>3</depth>
	</size>
	<segmented>0</segmented>
	<object>
		<name>person</name>
		<pose>Unspecified</pose>
		<truncated>1</truncated>
		<difficult>0</difficult>
		<part>
			<name>head</name>
			<bndbox>
				<xmin>86</xmin>
				<ymin>114</ymin>
				<xmax>138</xmax>
				<ymax>171</ymax>
			</bndbox>
		</part>
		<part>
			<name>hand</name>
			<bndbox>
				<xmin>82</xmin>
				<ymin>315</ymin>
				<xmax>108</xmax>
				<ymax>343</ymax>
			</bndbox>
		</part>
		<bndbox>
			<xmin>74</xmin>
			<ymin>104</ymin>
			<xmax>239</xmax>
			<ymax>375</ymax>
		</bndbox>
	</object>
</annotation>
