<annotation>
	<folder>VOC2012</folder>
	<filename>2007_001594.jpg</filename>
	<source>
		<database>The VOC2007 Database</database>
		<annotation>PASCAL VOC2007</annotation>
		<image>flickr</image>
	</source>
	<size>
		<width>500</width>
		<height>333</height>
		<depth>3</depth>
	</size>
	<segmented>1</segmented>
	<object>
		<name>sheep</name>
		<pose>Left</pose>
		<truncated>0</truncated>
		<difficult>0</difficult>
		<bndbox>
			<xmin>270</xmin>
			<ymin>153</ymin>
			<xmax>334</xmax>
			<ymax>208</ymax>
		</bndbox>
	</object>
	<object>
		<name>sheep</name>
		<pose>Rear</pose>
		<truncated>0</truncated>
		<difficult>0</difficult>
		<bndbox>
			<xmin>231</xmin>
			<ymin>153</ymin>
			<xmax>269</xmax>
			<ymax>209</ymax>
		</bndbox>
	</object>
	<object>
		<name>sheep</name>
		<pose>Rear</pose>
		<truncated>0</truncated>
		<difficult>0</difficult>
		<bndbox>
			<xmin>179</xmin>
			<ymin>149</ymin>
			<xmax>206</xmax>
			<ymax>210</ymax>
		</bndbox>
	</object>
	<object>
		<name>sheep</name>
		<pose>Rear</pose>
		<truncated>0</truncated>
		<difficult>0</difficult>
		<bndbox>
			<xmin>151</xmin>
			<ymin>142</ymin>
			<xmax>180</xmax>
			<ymax>210</ymax>
		</bndbox>
	</object>
	<object>
		<name>sheep</name>
		<pose>Unspecified</pose>
		<truncated>0</truncated>
		<difficult>1</difficult>
		<bndbox>
			<xmin>206</xmin>
			<ymin>150</ymin>
			<xmax>239</xmax>
			<ymax>212</ymax>
		</bndbox>
	</object>
	<object>
		<name>person</name>
		<pose>Unspecified</pose>
		<truncated>0</truncated>
		<difficult>0</difficult>
		<bndbox>
			<xmin>335</xmin>
			<ymin>93</ymin>
			<xmax>400</xmax>
			<ymax>218</ymax>
		</bndbox>
	</object>
	<object>
		<name>dog</name>
		<pose>Rear</pose>
		<truncated>0</truncated>
		<difficult>0</difficult>
		<bndbox>
			<xmin>253</xmin>
			<ymin>177</ymin>
			<xmax>302</xmax>
			<ymax>238</ymax>
		</bndbox>
	</object>
</annotation>
