<annotation>
	<folder>VOC2012</folder>
	<filename>2007_003110.jpg</filename>
	<source>
		<database>The VOC2007 Database</database>
		<annotation>PASCAL VOC2007</annotation>
		<image>flickr</image>
	</source>
	<size>
		<width>500</width>
		<height>358</height>
		<depth>3</depth>
	</size>
	<segmented>1</segmented>
	<object>
		<name>dog</name>
		<pose>Frontal</pose>
		<truncated>0</truncated>
		<difficult>0</difficult>
		<bndbox>
			<xmin>213</xmin>
			<ymin>127</ymin>
			<xmax>275</xmax>
			<ymax>266</ymax>
		</bndbox>
	</object>
	<object>
		<name>dog</name>
		<pose>Frontal</pose>
		<truncated>0</truncated>
		<difficult>0</difficult>
		<bndbox>
			<xmin>121</xmin>
			<ymin>107</ymin>
			<xmax>188</xmax>
			<ymax>234</ymax>
		</bndbox>
	</object>
</annotation>
