<annotation>
	<folder>VOC2012</folder>
	<filename>2007_003611.jpg</filename>
	<source>
		<database>The VOC2007 Database</database>
		<annotation>PASCAL VOC2007</annotation>
		<image>flickr</image>
	</source>
	<size>
		<width>500</width>
		<height>375</height>
		<depth>3</depth>
	</size>
	<segmented>1</segmented>
	<object>
		<name>person</name>
		<pose>Rear</pose>
		<truncated>1</truncated>
		<difficult>0</difficult>
		<bndbox>
			<xmin>217</xmin>
			<ymin>271</ymin>
			<xmax>237</xmax>
			<ymax>307</ymax>
		</bndbox>
	</object>
	<object>
		<name>horse</name>
		<pose>Rear</pose>
		<truncated>1</truncated>
		<difficult>0</difficult>
		<bndbox>
			<xmin>215</xmin>
			<ymin>281</ymin>
			<xmax>235</xmax>
			<ymax>326</ymax>
		</bndbox>
	</object>
</annotation>
