<annotation>
	<folder>VOC2012</folder>
	<filename>2007_005657.jpg</filename>
	<source>
		<database>The VOC2007 Database</database>
		<annotation>PASCAL VOC2007</annotation>
		<image>flickr</image>
	</source>
	<size>
		<width>500</width>
		<height>331</height>
		<depth>3</depth>
	</size>
	<segmented>0</segmented>
	<object>
		<name>person</name>
		<pose>Unspecified</pose>
		<truncated>1</truncated>
		<difficult>0</difficult>
		<bndbox>
			<xmin>1</xmin>
			<ymin>14</ymin>
			<xmax>490</xmax>
			<ymax>331</ymax>
		</bndbox>
		<part>
			<name>head</name>
			<bndbox>
				<xmin>191</xmin>
				<ymin>14</ymin>
				<xmax>323</xmax>
				<ymax>198</ymax>
			</bndbox>
		</part>
		<part>
			<name>hand</name>
			<bndbox>
				<xmin>393</xmin>
				<ymin>195</ymin>
				<xmax>488</xmax>
				<ymax>289</ymax>
			</bndbox>
		</part>
		<part>
			<name>hand</name>
			<bndbox>
				<xmin>1</xmin>
				<ymin>137</ymin>
				<xmax>132</xmax>
				<ymax>318</ymax>
			</bndbox>
		</part>
	</object>
</annotation>
