<annotation>
	<folder>VOC2012</folder>
	<filename>2007_004423.jpg</filename>
	<source>
		<database>The VOC2007 Database</database>
		<annotation>PASCAL VOC2007</annotation>
		<image>flickr</image>
	</source>
	<size>
		<width>500</width>
		<height>375</height>
		<depth>3</depth>
	</size>
	<segmented>1</segmented>
	<object>
		<name>sheep</name>
		<pose>Right</pose>
		<truncated>0</truncated>
		<difficult>0</difficult>
		<bndbox>
			<xmin>53</xmin>
			<ymin>107</ymin>
			<xmax>260</xmax>
			<ymax>311</ymax>
		</bndbox>
	</object>
	<object>
		<name>sheep</name>
		<pose>Right</pose>
		<truncated>1</truncated>
		<difficult>0</difficult>
		<bndbox>
			<xmin>241</xmin>
			<ymin>86</ymin>
			<xmax>445</xmax>
			<ymax>286</ymax>
		</bndbox>
	</object>
	<object>
		<name>sheep</name>
		<pose>Frontal</pose>
		<truncated>0</truncated>
		<difficult>0</difficult>
		<bndbox>
			<xmin>213</xmin>
			<ymin>173</ymin>
			<xmax>291</xmax>
			<ymax>325</ymax>
		</bndbox>
	</object>
</annotation>
