<annotation>
	<folder>VOC2012</folder>
	<filename>2007_002273.jpg</filename>
	<source>
		<database>The VOC2007 Database</database>
		<annotation>PASCAL VOC2007</annotation>
		<image>flickr</image>
	</source>
	<size>
		<width>320</width>
		<height>212</height>
		<depth>3</depth>
	</size>
	<segmented>1</segmented>
	<object>
		<name>horse</name>
		<pose>Frontal</pose>
		<truncated>0</truncated>
		<difficult>0</difficult>
		<bndbox>
			<xmin>116</xmin>
			<ymin>51</ymin>
			<xmax>190</xmax>
			<ymax>181</ymax>
		</bndbox>
	</object>
	<object>
		<name>person</name>
		<pose>Frontal</pose>
		<truncated>1</truncated>
		<difficult>0</difficult>
		<bndbox>
			<xmin>121</xmin>
			<ymin>14</ymin>
			<xmax>186</xmax>
			<ymax>118</ymax>
		</bndbox>
	</object>
</annotation>
