<annotation>
	<folder>VOC2012</folder>
	<filename>2007_004649.jpg</filename>
	<source>
		<database>The VOC2007 Database</database>
		<annotation>PASCAL VOC2007</annotation>
		<image>flickr</image>
	</source>
	<size>
		<width>500</width>
		<height>335</height>
		<depth>3</depth>
	</size>
	<segmented>1</segmented>
	<object>
		<name>train</name>
		<pose>Unspecified</pose>
		<truncated>0</truncated>
		<difficult>0</difficult>
		<bndbox>
			<xmin>36</xmin>
			<ymin>126</ymin>
			<xmax>393</xmax>
			<ymax>237</ymax>
		</bndbox>
	</object>
	<object>
		<name>train</name>
		<pose>Unspecified</pose>
		<truncated>0</truncated>
		<difficult>1</difficult>
		<bndbox>
			<xmin>381</xmin>
			<ymin>134</ymin>
			<xmax>431</xmax>
			<ymax>225</ymax>
		</bndbox>
	</object>
	<object>
		<name>train</name>
		<pose>Unspecified</pose>
		<truncated>0</truncated>
		<difficult>1</difficult>
		<bndbox>
			<xmin>425</xmin>
			<ymin>131</ymin>
			<xmax>486</xmax>
			<ymax>199</ymax>
		</bndbox>
	</object>
</annotation>
