<annotation>
	<folder>VOC2012</folder>
	<filename>2007_004000.jpg</filename>
	<source>
		<database>The VOC2007 Database</database>
		<annotation>PASCAL VOC2007</annotation>
		<image>flickr</image>
	</source>
	<size>
		<width>389</width>
		<height>500</height>
		<depth>3</depth>
	</size>
	<segmented>0</segmented>
	<object>
		<name>person</name>
		<pose>Frontal</pose>
		<truncated>0</truncated>
		<difficult>0</difficult>
		<bndbox>
			<xmin>192</xmin>
			<ymin>40</ymin>
			<xmax>331</xmax>
			<ymax>464</ymax>
		</bndbox>
		<part>
			<name>head</name>
			<bndbox>
				<xmin>228</xmin>
				<ymin>44</ymin>
				<xmax>271</xmax>
				<ymax>110</ymax>
			</bndbox>
		</part>
		<part>
			<name>hand</name>
			<bndbox>
				<xmin>306</xmin>
				<ymin>263</ymin>
				<xmax>325</xmax>
				<ymax>299</ymax>
			</bndbox>
		</part>
		<part>
			<name>hand</name>
			<bndbox>
				<xmin>190</xmin>
				<ymin>270</ymin>
				<xmax>212</xmax>
				<ymax>300</ymax>
			</bndbox>
		</part>
		<part>
			<name>foot</name>
			<bndbox>
				<xmin>222</xmin>
				<ymin>436</ymin>
				<xmax>247</xmax>
				<ymax>460</ymax>
			</bndbox>
		</part>
		<part>
			<name>foot</name>
			<bndbox>
				<xmin>272</xmin>
				<ymin>436</ymin>
				<xmax>296</xmax>
				<ymax>463</ymax>
			</bndbox>
		</part>
	</object>
	<object>
		<name>person</name>
		<pose>Unspecified</pose>
		<truncated>0</truncated>
		<difficult>0</difficult>
		<bndbox>
			<xmin>61</xmin>
			<ymin>23</ymin>
			<xmax>198</xmax>
			<ymax>494</ymax>
		</bndbox>
		<part>
			<name>head</name>
			<bndbox>
				<xmin>109</xmin>
				<ymin>22</ymin>
				<xmax>155</xmax>
				<ymax>97</ymax>
			</bndbox>
		</part>
		<part>
			<name>hand</name>
			<bndbox>
				<xmin>116</xmin>
				<ymin>229</ymin>
				<xmax>158</xmax>
				<ymax>278</ymax>
			</bndbox>
		</part>
		<part>
			<name>hand</name>
			<bndbox>
				<xmin>122</xmin>
				<ymin>226</ymin>
				<xmax>169</xmax>
				<ymax>267</ymax>
			</bndbox>
		</part>
		<part>
			<name>foot</name>
			<bndbox>
				<xmin>115</xmin>
				<ymin>466</ymin>
				<xmax>152</xmax>
				<ymax>491</ymax>
			</bndbox>
		</part>
		<part>
			<name>foot</name>
			<bndbox>
				<xmin>147</xmin>
				<ymin>447</ymin>
				<xmax>177</xmax>
				<ymax>470</ymax>
			</bndbox>
		</part>
	</object>
</annotation>
