<annotation>
	<folder>VOC2012</folder>
	<filename>2007_003011.jpg</filename>
	<source>
		<database>The VOC2007 Database</database>
		<annotation>PASCAL VOC2007</annotation>
		<image>flickr</image>
	</source>
	<size>
		<width>500</width>
		<height>375</height>
		<depth>3</depth>
	</size>
	<segmented>1</segmented>
	<object>
		<name>diningtable</name>
		<pose>Unspecified</pose>
		<truncated>1</truncated>
		<difficult>1</difficult>
		<bndbox>
			<xmin>1</xmin>
			<ymin>303</ymin>
			<xmax>238</xmax>
			<ymax>375</ymax>
		</bndbox>
	</object>
	<object>
		<name>chair</name>
		<pose>Unspecified</pose>
		<truncated>1</truncated>
		<difficult>1</difficult>
		<bndbox>
			<xmin>1</xmin>
			<ymin>269</ymin>
			<xmax>67</xmax>
			<ymax>316</ymax>
		</bndbox>
	</object>
	<object>
		<name>chair</name>
		<pose>Unspecified</pose>
		<truncated>1</truncated>
		<difficult>1</difficult>
		<bndbox>
			<xmin>92</xmin>
			<ymin>291</ymin>
			<xmax>249</xmax>
			<ymax>375</ymax>
		</bndbox>
	</object>
	<object>
		<name>sofa</name>
		<pose>Frontal</pose>
		<truncated>1</truncated>
		<difficult>0</difficult>
		<bndbox>
			<xmin>198</xmin>
			<ymin>192</ymin>
			<xmax>385</xmax>
			<ymax>258</ymax>
		</bndbox>
	</object>
	<object>
		<name>sofa</name>
		<pose>Left</pose>
		<truncated>1</truncated>
		<difficult>0</difficult>
		<bndbox>
			<xmin>274</xmin>
			<ymin>218</ymin>
			<xmax>478</xmax>
			<ymax>374</ymax>
		</bndbox>
	</object>
	<object>
		<name>chair</name>
		<pose>Unspecified</pose>
		<truncated>1</truncated>
		<difficult>1</difficult>
		<bndbox>
			<xmin>392</xmin>
			<ymin>194</ymin>
			<xmax>419</xmax>
			<ymax>217</ymax>
		</bndbox>
	</object>
	<object>
		<name>tvmonitor</name>
		<pose>Unspecified</pose>
		<truncated>0</truncated>
		<difficult>0</difficult>
		<bndbox>
			<xmin>35</xmin>
			<ymin>141</ymin>
			<xmax>142</xmax>
			<ymax>243</ymax>
		</bndbox>
	</object>
	<object>
		<name>tvmonitor</name>
		<pose>Rear</pose>
		<truncated>0</truncated>
		<difficult>0</difficult>
		<bndbox>
			<xmin>211</xmin>
			<ymin>150</ymin>
			<xmax>250</xmax>
			<ymax>190</ymax>
		</bndbox>
	</object>
</annotation>
