<annotation>
	<folder>VOC2012</folder>
	<filename>2007_003565.jpg</filename>
	<source>
		<database>The VOC2007 Database</database>
		<annotation>PASCAL VOC2007</annotation>
		<image>flickr</image>
	</source>
	<size>
		<width>500</width>
		<height>375</height>
		<depth>3</depth>
	</size>
	<segmented>1</segmented>
	<object>
		<name>bird</name>
		<pose>Rear</pose>
		<truncated>0</truncated>
		<difficult>0</difficult>
		<bndbox>
			<xmin>280</xmin>
			<ymin>218</ymin>
			<xmax>500</xmax>
			<ymax>317</ymax>
		</bndbox>
	</object>
</annotation>
