<annotation>
	<folder>VOC2012</folder>
	<filename>2007_001686.jpg</filename>
	<source>
		<database>The VOC2007 Database</database>
		<annotation>PASCAL VOC2007</annotation>
		<image>flickr</image>
	</source>
	<size>
		<width>375</width>
		<height>500</height>
		<depth>3</depth>
	</size>
	<segmented>0</segmented>
	<object>
		<name>person</name>
		<pose>Unspecified</pose>
		<truncated>0</truncated>
		<difficult>0</difficult>
		<part>
			<name>head</name>
			<bndbox>
				<xmin>135</xmin>
				<ymin>169</ymin>
				<xmax>178</xmax>
				<ymax>224</ymax>
			</bndbox>
		</part>
		<part>
			<name>hand</name>
			<bndbox>
				<xmin>168</xmin>
				<ymin>228</ymin>
				<xmax>191</xmax>
				<ymax>254</ymax>
			</bndbox>
		</part>
		<part>
			<name>hand</name>
			<bndbox>
				<xmin>192</xmin>
				<ymin>237</ymin>
				<xmax>204</xmax>
				<ymax>260</ymax>
			</bndbox>
		</part>
		<part>
			<name>foot</name>
			<bndbox>
				<xmin>132</xmin>
				<ymin>477</ymin>
				<xmax>172</xmax>
				<ymax>500</ymax>
			</bndbox>
		</part>
		<part>
			<name>foot</name>
			<bndbox>
				<xmin>158</xmin>
				<ymin>456</ymin>
				<xmax>182</xmax>
				<ymax>480</ymax>
			</bndbox>
		</part>
		<bndbox>
			<xmin>112</xmin>
			<ymin>168</ymin>
			<xmax>206</xmax>
			<ymax>500</ymax>
		</bndbox>
	</object>
</annotation>
