<annotation>
	<folder>VOC2012</folder>
	<filename>2007_000738.jpg</filename>
	<source>
		<database>The VOC2007 Database</database>
		<annotation>PASCAL VOC2007</annotation>
		<image>flickr</image>
	</source>
	<size>
		<width>500</width>
		<height>332</height>
		<depth>3</depth>
	</size>
	<segmented>1</segmented>
	<object>
		<name>aeroplane</name>
		<pose>Right</pose>
		<truncated>1</truncated>
		<difficult>0</difficult>
		<bndbox>
			<xmin>1</xmin>
			<ymin>124</ymin>
			<xmax>496</xmax>
			<ymax>235</ymax>
		</bndbox>
	</object>
</annotation>
