<annotation>
	<folder>VOC2012</folder>
	<filename>2007_006744.jpg</filename>
	<source>
		<database>The VOC2007 Database</database>
		<annotation>PASCAL VOC2007</annotation>
		<image>flickr</image>
	</source>
	<size>
		<width>500</width>
		<height>375</height>
		<depth>3</depth>
	</size>
	<segmented>0</segmented>
	<object>
		<name>person</name>
		<pose>Frontal</pose>
		<truncated>1</truncated>
		<difficult>0</difficult>
		<bndbox>
			<xmin>146</xmin>
			<ymin>124</ymin>
			<xmax>369</xmax>
			<ymax>375</ymax>
		</bndbox>
		<part>
			<name>head</name>
			<bndbox>
				<xmin>212</xmin>
				<ymin>144</ymin>
				<xmax>279</xmax>
				<ymax>242</ymax>
			</bndbox>
		</part>
		<part>
			<name>foot</name>
			<bndbox>
				<xmin>250</xmin>
				<ymin>361</ymin>
				<xmax>291</xmax>
				<ymax>375</ymax>
			</bndbox>
		</part>
	</object>
	<object>
		<name>person</name>
		<pose>Frontal</pose>
		<truncated>1</truncated>
		<difficult>0</difficult>
		<bndbox>
			<xmin>90</xmin>
			<ymin>1</ymin>
			<xmax>500</xmax>
			<ymax>374</ymax>
		</bndbox>
		<part>
			<name>head</name>
			<bndbox>
				<xmin>292</xmin>
				<ymin>1</ymin>
				<xmax>387</xmax>
				<ymax>110</ymax>
			</bndbox>
		</part>
		<part>
			<name>hand</name>
			<bndbox>
				<xmin>83</xmin>
				<ymin>196</ymin>
				<xmax>140</xmax>
				<ymax>259</ymax>
			</bndbox>
		</part>
	</object>
</annotation>
