<annotation>
	<folder>VOC2012</folder>
	<filename>2007_002852.jpg</filename>
	<source>
		<database>The VOC2007 Database</database>
		<annotation>PASCAL VOC2007</annotation>
		<image>flickr</image>
	</source>
	<size>
		<width>500</width>
		<height>375</height>
		<depth>3</depth>
	</size>
	<segmented>1</segmented>
	<object>
		<name>dog</name>
		<pose>Right</pose>
		<truncated>0</truncated>
		<difficult>0</difficult>
		<bndbox>
			<xmin>38</xmin>
			<ymin>57</ymin>
			<xmax>298</xmax>
			<ymax>157</ymax>
		</bndbox>
	</object>
	<object>
		<name>dog</name>
		<pose>Right</pose>
		<truncated>1</truncated>
		<difficult>0</difficult>
		<bndbox>
			<xmin>68</xmin>
			<ymin>147</ymin>
			<xmax>458</xmax>
			<ymax>237</ymax>
		</bndbox>
	</object>
	<object>
		<name>dog</name>
		<pose>Right</pose>
		<truncated>0</truncated>
		<difficult>0</difficult>
		<bndbox>
			<xmin>22</xmin>
			<ymin>202</ymin>
			<xmax>387</xmax>
			<ymax>361</ymax>
		</bndbox>
	</object>
</annotation>
