<annotation>
	<folder>VOC2012</folder>
	<filename>2007_003190.jpg</filename>
	<source>
		<database>The VOC2007 Database</database>
		<annotation>PASCAL VOC2007</annotation>
		<image>flickr</image>
	</source>
	<size>
		<width>354</width>
		<height>500</height>
		<depth>3</depth>
	</size>
	<segmented>1</segmented>
	<object>
		<name>sheep</name>
		<pose>Unspecified</pose>
		<truncated>0</truncated>
		<difficult>0</difficult>
		<bndbox>
			<xmin>100</xmin>
			<ymin>30</ymin>
			<xmax>269</xmax>
			<ymax>179</ymax>
		</bndbox>
	</object>
	<object>
		<name>sheep</name>
		<pose>Unspecified</pose>
		<truncated>0</truncated>
		<difficult>1</difficult>
		<bndbox>
			<xmin>2</xmin>
			<ymin>47</ymin>
			<xmax>115</xmax>
			<ymax>220</ymax>
		</bndbox>
	</object>
	<object>
		<name>sheep</name>
		<pose>Frontal</pose>
		<truncated>0</truncated>
		<difficult>0</difficult>
		<bndbox>
			<xmin>7</xmin>
			<ymin>47</ymin>
			<xmax>107</xmax>
			<ymax>265</ymax>
		</bndbox>
	</object>
	<object>
		<name>sheep</name>
		<pose>Frontal</pose>
		<truncated>0</truncated>
		<difficult>0</difficult>
		<bndbox>
			<xmin>123</xmin>
			<ymin>93</ymin>
			<xmax>282</xmax>
			<ymax>458</ymax>
		</bndbox>
	</object>
</annotation>
