<annotation>
	<folder>VOC2012</folder>
	<filename>2007_005527.jpg</filename>
	<source>
		<database>The VOC2007 Database</database>
		<annotation>PASCAL VOC2007</annotation>
		<image>flickr</image>
	</source>
	<size>
		<width>375</width>
		<height>500</height>
		<depth>3</depth>
	</size>
	<segmented>0</segmented>
	<object>
		<name>person</name>
		<pose>Unspecified</pose>
		<truncated>1</truncated>
		<difficult>0</difficult>
		<bndbox>
			<xmin>24</xmin>
			<ymin>42</ymin>
			<xmax>363</xmax>
			<ymax>500</ymax>
		</bndbox>
		<part>
			<name>head</name>
			<bndbox>
				<xmin>145</xmin>
				<ymin>47</ymin>
				<xmax>236</xmax>
				<ymax>164</ymax>
			</bndbox>
		</part>
		<part>
			<name>hand</name>
			<bndbox>
				<xmin>161</xmin>
				<ymin>219</ymin>
				<xmax>230</xmax>
				<ymax>266</ymax>
			</bndbox>
		</part>
		<part>
			<name>hand</name>
			<bndbox>
				<xmin>130</xmin>
				<ymin>234</ymin>
				<xmax>173</xmax>
				<ymax>279</ymax>
			</bndbox>
		</part>
	</object>
</annotation>
