<annotation>
	<folder>VOC2012</folder>
	<filename>2007_004397.jpg</filename>
	<source>
		<database>The VOC2007 Database</database>
		<annotation>PASCAL VOC2007</annotation>
		<image>flickr</image>
	</source>
	<size>
		<width>377</width>
		<height>500</height>
		<depth>3</depth>
	</size>
	<segmented>0</segmented>
	<object>
		<name>person</name>
		<pose>Unspecified</pose>
		<truncated>1</truncated>
		<difficult>0</difficult>
		<bndbox>
			<xmin>2</xmin>
			<ymin>1</ymin>
			<xmax>335</xmax>
			<ymax>440</ymax>
		</bndbox>
		<part>
			<name>head</name>
			<bndbox>
				<xmin>89</xmin>
				<ymin>1</ymin>
				<xmax>245</xmax>
				<ymax>207</ymax>
			</bndbox>
		</part>
		<part>
			<name>hand</name>
			<bndbox>
				<xmin>1</xmin>
				<ymin>177</ymin>
				<xmax>37</xmax>
				<ymax>244</ymax>
			</bndbox>
		</part>
		<part>
			<name>hand</name>
			<bndbox>
				<xmin>31</xmin>
				<ymin>247</ymin>
				<xmax>114</xmax>
				<ymax>343</ymax>
			</bndbox>
		</part>
	</object>
</annotation>
