<annotation>
	<folder>VOC2012</folder>
	<filename>2007_004713.jpg</filename>
	<source>
		<database>The VOC2007 Database</database>
		<annotation>PASCAL VOC2007</annotation>
		<image>flickr</image>
	</source>
	<size>
		<width>500</width>
		<height>375</height>
		<depth>3</depth>
	</size>
	<segmented>0</segmented>
	<object>
		<name>person</name>
		<pose>Unspecified</pose>
		<truncated>1</truncated>
		<difficult>0</difficult>
		<part>
			<name>head</name>
			<bndbox>
				<xmin>195</xmin>
				<ymin>1</ymin>
				<xmax>479</xmax>
				<ymax>213</ymax>
			</bndbox>
		</part>
		<part>
			<name>hand</name>
			<bndbox>
				<xmin>64</xmin>
				<ymin>270</ymin>
				<xmax>192</xmax>
				<ymax>338</ymax>
			</bndbox>
		</part>
		<bndbox>
			<xmin>60</xmin>
			<ymin>3</ymin>
			<xmax>500</xmax>
			<ymax>375</ymax>
		</bndbox>
	</object>
</annotation>
