<annotation>
	<folder>VOC2012</folder>
	<filename>2007_003745.jpg</filename>
	<source>
		<database>The VOC2007 Database</database>
		<annotation>PASCAL VOC2007</annotation>
		<image>flickr</image>
	</source>
	<size>
		<width>450</width>
		<height>480</height>
		<depth>3</depth>
	</size>
	<segmented>0</segmented>
	<object>
		<name>person</name>
		<pose>Unspecified</pose>
		<truncated>0</truncated>
		<difficult>0</difficult>
		<bndbox>
			<xmin>71</xmin>
			<ymin>37</ymin>
			<xmax>251</xmax>
			<ymax>465</ymax>
		</bndbox>
		<part>
			<name>head</name>
			<bndbox>
				<xmin>111</xmin>
				<ymin>45</ymin>
				<xmax>185</xmax>
				<ymax>133</ymax>
			</bndbox>
		</part>
		<part>
			<name>hand</name>
			<bndbox>
				<xmin>127</xmin>
				<ymin>178</ymin>
				<xmax>168</xmax>
				<ymax>214</ymax>
			</bndbox>
		</part>
		<part>
			<name>hand</name>
			<bndbox>
				<xmin>177</xmin>
				<ymin>169</ymin>
				<xmax>202</xmax>
				<ymax>201</ymax>
			</bndbox>
		</part>
		<part>
			<name>foot</name>
			<bndbox>
				<xmin>98</xmin>
				<ymin>431</ymin>
				<xmax>157</xmax>
				<ymax>463</ymax>
			</bndbox>
		</part>
		<part>
			<name>foot</name>
			<bndbox>
				<xmin>132</xmin>
				<ymin>406</ymin>
				<xmax>188</xmax>
				<ymax>434</ymax>
			</bndbox>
		</part>
	</object>
</annotation>
