<annotation>
	<folder>VOC2012</folder>
	<filename>2007_006559.jpg</filename>
	<source>
		<database>The VOC2007 Database</database>
		<annotation>PASCAL VOC2007</annotation>
		<image>flickr</image>
	</source>
	<size>
		<width>335</width>
		<height>500</height>
		<depth>3</depth>
	</size>
	<segmented>0</segmented>
	<object>
		<name>person</name>
		<pose>Unspecified</pose>
		<truncated>0</truncated>
		<difficult>0</difficult>
		<bndbox>
			<xmin>59</xmin>
			<ymin>98</ymin>
			<xmax>278</xmax>
			<ymax>479</ymax>
		</bndbox>
		<part>
			<name>head</name>
			<bndbox>
				<xmin>99</xmin>
				<ymin>98</ymin>
				<xmax>184</xmax>
				<ymax>224</ymax>
			</bndbox>
		</part>
		<part>
			<name>hand</name>
			<bndbox>
				<xmin>155</xmin>
				<ymin>346</ymin>
				<xmax>200</xmax>
				<ymax>394</ymax>
			</bndbox>
		</part>
		<part>
			<name>hand</name>
			<bndbox>
				<xmin>104</xmin>
				<ymin>352</ymin>
				<xmax>144</xmax>
				<ymax>409</ymax>
			</bndbox>
		</part>
		<part>
			<name>foot</name>
			<bndbox>
				<xmin>204</xmin>
				<ymin>411</ymin>
				<xmax>243</xmax>
				<ymax>459</ymax>
			</bndbox>
		</part>
	</object>
</annotation>
