<annotation>
	<folder>VOC2012</folder>
	<filename>2007_006163.jpg</filename>
	<source>
		<database>The VOC2007 Database</database>
		<annotation>PASCAL VOC2007</annotation>
		<image>flickr</image>
	</source>
	<size>
		<width>357</width>
		<height>500</height>
		<depth>3</depth>
	</size>
	<segmented>0</segmented>
	<object>
		<name>person</name>
		<pose>Frontal</pose>
		<truncated>1</truncated>
		<difficult>0</difficult>
		<bndbox>
			<xmin>79</xmin>
			<ymin>89</ymin>
			<xmax>305</xmax>
			<ymax>500</ymax>
		</bndbox>
		<part>
			<name>head</name>
			<bndbox>
				<xmin>149</xmin>
				<ymin>90</ymin>
				<xmax>215</xmax>
				<ymax>182</ymax>
			</bndbox>
		</part>
		<part>
			<name>hand</name>
			<bndbox>
				<xmin>75</xmin>
				<ymin>368</ymin>
				<xmax>107</xmax>
				<ymax>412</ymax>
			</bndbox>
		</part>
		<part>
			<name>hand</name>
			<bndbox>
				<xmin>282</xmin>
				<ymin>341</ymin>
				<xmax>300</xmax>
				<ymax>377</ymax>
			</bndbox>
		</part>
	</object>
</annotation>
