<annotation>
	<folder>VOC2012</folder>
	<filename>2007_006899.jpg</filename>
	<source>
		<database>The VOC2007 Database</database>
		<annotation>PASCAL VOC2007</annotation>
		<image>flickr</image>
	</source>
	<size>
		<width>496</width>
		<height>500</height>
		<depth>3</depth>
	</size>
	<segmented>1</segmented>
	<object>
		<name>sheep</name>
		<pose>Right</pose>
		<truncated>0</truncated>
		<difficult>0</difficult>
		<bndbox>
			<xmin>19</xmin>
			<ymin>334</ymin>
			<xmax>135</xmax>
			<ymax>452</ymax>
		</bndbox>
	</object>
	<object>
		<name>sheep</name>
		<pose>Right</pose>
		<truncated>0</truncated>
		<difficult>0</difficult>
		<bndbox>
			<xmin>135</xmin>
			<ymin>305</ymin>
			<xmax>234</xmax>
			<ymax>423</ymax>
		</bndbox>
	</object>
	<object>
		<name>sheep</name>
		<pose>Rear</pose>
		<truncated>0</truncated>
		<difficult>0</difficult>
		<bndbox>
			<xmin>388</xmin>
			<ymin>277</ymin>
			<xmax>445</xmax>
			<ymax>424</ymax>
		</bndbox>
	</object>
</annotation>
