<annotation>
	<folder>VOC2012</folder>
	<filename>2007_001558.jpg</filename>
	<source>
		<database>The VOC2007 Database</database>
		<annotation>PASCAL VOC2007</annotation>
		<image>flickr</image>
	</source>
	<size>
		<width>500</width>
		<height>375</height>
		<depth>3</depth>
	</size>
	<segmented>0</segmented>
	<object>
		<name>person</name>
		<pose>Unspecified</pose>
		<truncated>1</truncated>
		<difficult>0</difficult>
		<part>
			<name>head</name>
			<bndbox>
				<xmin>77</xmin>
				<ymin>63</ymin>
				<xmax>206</xmax>
				<ymax>199</ymax>
			</bndbox>
		</part>
		<part>
			<name>hand</name>
			<bndbox>
				<xmin>178</xmin>
				<ymin>136</ymin>
				<xmax>215</xmax>
				<ymax>197</ymax>
			</bndbox>
		</part>
		<part>
			<name>hand</name>
			<bndbox>
				<xmin>65</xmin>
				<ymin>286</ymin>
				<xmax>138</xmax>
				<ymax>328</ymax>
			</bndbox>
		</part>
		<bndbox>
			<xmin>1</xmin>
			<ymin>56</ymin>
			<xmax>286</xmax>
			<ymax>329</ymax>
		</bndbox>
	</object>
	<object>
		<name>person</name>
		<pose>Unspecified</pose>
		<truncated>1</truncated>
		<difficult>0</difficult>
		<part>
			<name>head</name>
			<bndbox>
				<xmin>347</xmin>
				<ymin>41</ymin>
				<xmax>483</xmax>
				<ymax>176</ymax>
			</bndbox>
		</part>
		<part>
			<name>hand</name>
			<bndbox>
				<xmin>464</xmin>
				<ymin>273</ymin>
				<xmax>500</xmax>
				<ymax>316</ymax>
			</bndbox>
		</part>
		<part>
			<name>hand</name>
			<bndbox>
				<xmin>333</xmin>
				<ymin>100</ymin>
				<xmax>377</xmax>
				<ymax>165</ymax>
			</bndbox>
		</part>
		<bndbox>
			<xmin>283</xmin>
			<ymin>15</ymin>
			<xmax>500</xmax>
			<ymax>328</ymax>
		</bndbox>
	</object>
</annotation>
