<annotation>
	<folder>VOC2012</folder>
	<filename>2007_006587.jpg</filename>
	<source>
		<database>The VOC2007 Database</database>
		<annotation>PASCAL VOC2007</annotation>
		<image>flickr</image>
	</source>
	<size>
		<width>500</width>
		<height>375</height>
		<depth>3</depth>
	</size>
	<segmented>0</segmented>
	<object>
		<name>person</name>
		<pose>Frontal</pose>
		<truncated>1</truncated>
		<difficult>0</difficult>
		<bndbox>
			<xmin>213</xmin>
			<ymin>31</ymin>
			<xmax>288</xmax>
			<ymax>198</ymax>
		</bndbox>
		<part>
			<name>head</name>
			<bndbox>
				<xmin>234</xmin>
				<ymin>28</ymin>
				<xmax>268</xmax>
				<ymax>78</ymax>
			</bndbox>
		</part>
		<part>
			<name>hand</name>
			<bndbox>
				<xmin>254</xmin>
				<ymin>146</ymin>
				<xmax>266</xmax>
				<ymax>167</ymax>
			</bndbox>
		</part>
		<part>
			<name>hand</name>
			<bndbox>
				<xmin>248</xmin>
				<ymin>179</ymin>
				<xmax>265</xmax>
				<ymax>198</ymax>
			</bndbox>
		</part>
	</object>
</annotation>
