<annotation>
	<folder>VOC2012</folder>
	<filename>2007_005764.jpg</filename>
	<source>
		<database>The VOC2007 Database</database>
		<annotation>PASCAL VOC2007</annotation>
		<image>flickr</image>
	</source>
	<size>
		<width>375</width>
		<height>500</height>
		<depth>3</depth>
	</size>
	<segmented>0</segmented>
	<object>
		<name>person</name>
		<pose>Right</pose>
		<truncated>0</truncated>
		<difficult>0</difficult>
		<bndbox>
			<xmin>1</xmin>
			<ymin>17</ymin>
			<xmax>109</xmax>
			<ymax>461</ymax>
		</bndbox>
		<part>
			<name>head</name>
			<bndbox>
				<xmin>26</xmin>
				<ymin>17</ymin>
				<xmax>78</xmax>
				<ymax>88</ymax>
			</bndbox>
		</part>
		<part>
			<name>hand</name>
			<bndbox>
				<xmin>56</xmin>
				<ymin>233</ymin>
				<xmax>84</xmax>
				<ymax>259</ymax>
			</bndbox>
		</part>
		<part>
			<name>foot</name>
			<bndbox>
				<xmin>48</xmin>
				<ymin>384</ymin>
				<xmax>107</xmax>
				<ymax>406</ymax>
			</bndbox>
		</part>
		<part>
			<name>foot</name>
			<bndbox>
				<xmin>1</xmin>
				<ymin>428</ymin>
				<xmax>48</xmax>
				<ymax>459</ymax>
			</bndbox>
		</part>
	</object>
</annotation>
