<annotation>
	<folder>VOC2012</folder>
	<filename>2007_006348.jpg</filename>
	<source>
		<database>The VOC2007 Database</database>
		<annotation>PASCAL VOC2007</annotation>
		<image>flickr</image>
	</source>
	<size>
		<width>500</width>
		<height>375</height>
		<depth>3</depth>
	</size>
	<segmented>1</segmented>
	<object>
		<name>tvmonitor</name>
		<pose>Right</pose>
		<truncated>0</truncated>
		<difficult>0</difficult>
		<bndbox>
			<xmin>12</xmin>
			<ymin>75</ymin>
			<xmax>80</xmax>
			<ymax>205</ymax>
		</bndbox>
	</object>
	<object>
		<name>chair</name>
		<pose>Unspecified</pose>
		<truncated>0</truncated>
		<difficult>0</difficult>
		<bndbox>
			<xmin>216</xmin>
			<ymin>107</ymin>
			<xmax>500</xmax>
			<ymax>374</ymax>
		</bndbox>
	</object>
</annotation>
