<annotation>
	<folder>VOC2012</folder>
	<filename>2007_000837.jpg</filename>
	<source>
		<database>The VOC2007 Database</database>
		<annotation>PASCAL VOC2007</annotation>
		<image>flickr</image>
	</source>
	<size>
		<width>500</width>
		<height>275</height>
		<depth>3</depth>
	</size>
	<segmented>1</segmented>
	<object>
		<name>boat</name>
		<pose>Left</pose>
		<truncated>0</truncated>
		<difficult>0</difficult>
		<bndbox>
			<xmin>261</xmin>
			<ymin>65</ymin>
			<xmax>365</xmax>
			<ymax>159</ymax>
		</bndbox>
	</object>
</annotation>
