<annotation>
	<folder>VOC2012</folder>
	<filename>2007_005124.jpg</filename>
	<source>
		<database>The VOC2007 Database</database>
		<annotation>PASCAL VOC2007</annotation>
		<image>flickr</image>
	</source>
	<size>
		<width>500</width>
		<height>324</height>
		<depth>3</depth>
	</size>
	<segmented>1</segmented>
	<object>
		<name>cow</name>
		<pose>Left</pose>
		<truncated>1</truncated>
		<difficult>0</difficult>
		<bndbox>
			<xmin>179</xmin>
			<ymin>68</ymin>
			<xmax>500</xmax>
			<ymax>324</ymax>
		</bndbox>
	</object>
	<object>
		<name>person</name>
		<pose>Right</pose>
		<truncated>1</truncated>
		<difficult>0</difficult>
		<bndbox>
			<xmin>3</xmin>
			<ymin>33</ymin>
			<xmax>271</xmax>
			<ymax>324</ymax>
		</bndbox>
	</object>
</annotation>
