<annotation>
	<folder>VOC2012</folder>
	<filename>2007_005972.jpg</filename>
	<source>
		<database>The VOC2007 Database</database>
		<annotation>PASCAL VOC2007</annotation>
		<image>flickr</image>
	</source>
	<size>
		<width>375</width>
		<height>500</height>
		<depth>3</depth>
	</size>
	<segmented>0</segmented>
	<object>
		<name>person</name>
		<pose>Unspecified</pose>
		<truncated>0</truncated>
		<difficult>0</difficult>
		<bndbox>
			<xmin>92</xmin>
			<ymin>40</ymin>
			<xmax>308</xmax>
			<ymax>455</ymax>
		</bndbox>
		<part>
			<name>head</name>
			<bndbox>
				<xmin>201</xmin>
				<ymin>45</ymin>
				<xmax>304</xmax>
				<ymax>151</ymax>
			</bndbox>
		</part>
		<part>
			<name>hand</name>
			<bndbox>
				<xmin>104</xmin>
				<ymin>103</ymin>
				<xmax>127</xmax>
				<ymax>135</ymax>
			</bndbox>
		</part>
		<part>
			<name>hand</name>
			<bndbox>
				<xmin>93</xmin>
				<ymin>201</ymin>
				<xmax>136</xmax>
				<ymax>231</ymax>
			</bndbox>
		</part>
		<part>
			<name>foot</name>
			<bndbox>
				<xmin>142</xmin>
				<ymin>427</ymin>
				<xmax>183</xmax>
				<ymax>450</ymax>
			</bndbox>
		</part>
	</object>
</annotation>
