<annotation>
	<folder>VOC2012</folder>
	<filename>2007_005405.jpg</filename>
	<source>
		<database>The VOC2007 Database</database>
		<annotation>PASCAL VOC2007</annotation>
		<image>flickr</image>
	</source>
	<size>
		<width>375</width>
		<height>500</height>
		<depth>3</depth>
	</size>
	<segmented>0</segmented>
	<object>
		<name>person</name>
		<pose>Frontal</pose>
		<truncated>1</truncated>
		<difficult>0</difficult>
		<bndbox>
			<xmin>71</xmin>
			<ymin>151</ymin>
			<xmax>276</xmax>
			<ymax>401</ymax>
		</bndbox>
		<part>
			<name>head</name>
			<bndbox>
				<xmin>110</xmin>
				<ymin>150</ymin>
				<xmax>184</xmax>
				<ymax>251</ymax>
			</bndbox>
		</part>
		<part>
			<name>hand</name>
			<bndbox>
				<xmin>131</xmin>
				<ymin>265</ymin>
				<xmax>183</xmax>
				<ymax>322</ymax>
			</bndbox>
		</part>
		<part>
			<name>hand</name>
			<bndbox>
				<xmin>156</xmin>
				<ymin>284</ymin>
				<xmax>198</xmax>
				<ymax>333</ymax>
			</bndbox>
		</part>
	</object>
</annotation>
