<annotation>
	<folder>VOC2012</folder>
	<filename>2007_006614.jpg</filename>
	<source>
		<database>The VOC2007 Database</database>
		<annotation>PASCAL VOC2007</annotation>
		<image>flickr</image>
	</source>
	<size>
		<width>326</width>
		<height>500</height>
		<depth>3</depth>
	</size>
	<segmented>0</segmented>
	<object>
		<name>person</name>
		<pose>Frontal</pose>
		<truncated>1</truncated>
		<difficult>0</difficult>
		<part>
			<name>head</name>
			<bndbox>
				<xmin>215</xmin>
				<ymin>275</ymin>
				<xmax>259</xmax>
				<ymax>332</ymax>
			</bndbox>
		</part>
		<part>
			<name>hand</name>
			<bndbox>
				<xmin>285</xmin>
				<ymin>486</ymin>
				<xmax>308</xmax>
				<ymax>500</ymax>
			</bndbox>
		</part>
		<part>
			<name>hand</name>
			<bndbox>
				<xmin>172</xmin>
				<ymin>491</ymin>
				<xmax>192</xmax>
				<ymax>500</ymax>
			</bndbox>
		</part>
		<bndbox>
			<xmin>175</xmin>
			<ymin>276</ymin>
			<xmax>320</xmax>
			<ymax>500</ymax>
		</bndbox>
	</object>
</annotation>
