<annotation>
	<folder>VOC2012</folder>
	<filename>2007_006808.jpg</filename>
	<source>
		<database>The VOC2007 Database</database>
		<annotation>PASCAL VOC2007</annotation>
		<image>flickr</image>
	</source>
	<size>
		<width>500</width>
		<height>375</height>
		<depth>3</depth>
	</size>
	<segmented>0</segmented>
	<object>
		<name>person</name>
		<pose>Frontal</pose>
		<truncated>1</truncated>
		<difficult>0</difficult>
		<bndbox>
			<xmin>33</xmin>
			<ymin>11</ymin>
			<xmax>266</xmax>
			<ymax>375</ymax>
		</bndbox>
		<part>
			<name>head</name>
			<bndbox>
				<xmin>122</xmin>
				<ymin>60</ymin>
				<xmax>192</xmax>
				<ymax>159</ymax>
			</bndbox>
		</part>
		<part>
			<name>hand</name>
			<bndbox>
				<xmin>176</xmin>
				<ymin>15</ymin>
				<xmax>216</xmax>
				<ymax>67</ymax>
			</bndbox>
		</part>
		<part>
			<name>hand</name>
			<bndbox>
				<xmin>67</xmin>
				<ymin>12</ymin>
				<xmax>121</xmax>
				<ymax>68</ymax>
			</bndbox>
		</part>
	</object>
</annotation>
