<annotation>
	<folder>VOC2012</folder>
	<filename>2007_005705.jpg</filename>
	<source>
		<database>The VOC2007 Database</database>
		<annotation>PASCAL VOC2007</annotation>
		<image>flickr</image>
	</source>
	<size>
		<width>375</width>
		<height>500</height>
		<depth>3</depth>
	</size>
	<segmented>1</segmented>
	<object>
		<name>boat</name>
		<pose>Frontal</pose>
		<truncated>0</truncated>
		<difficult>0</difficult>
		<bndbox>
			<xmin>62</xmin>
			<ymin>16</ymin>
			<xmax>246</xmax>
			<ymax>408</ymax>
		</bndbox>
	</object>
</annotation>
