<annotation>
	<folder>VOC2012</folder>
	<filename>2007_000807.jpg</filename>
	<source>
		<database>The VOC2007 Database</database>
		<annotation>PASCAL VOC2007</annotation>
		<image>flickr</image>
	</source>
	<size>
		<width>334</width>
		<height>500</height>
		<depth>3</depth>
	</size>
	<segmented>0</segmented>
	<object>
		<name>person</name>
		<pose>Right</pose>
		<truncated>1</truncated>
		<difficult>0</difficult>
		<part>
			<name>head</name>
			<bndbox>
				<xmin>87</xmin>
				<ymin>31</ymin>
				<xmax>140</xmax>
				<ymax>104</ymax>
			</bndbox>
		</part>
		<part>
			<name>hand</name>
			<bndbox>
				<xmin>177</xmin>
				<ymin>67</ymin>
				<xmax>202</xmax>
				<ymax>113</ymax>
			</bndbox>
		</part>
		<part>
			<name>hand</name>
			<bndbox>
				<xmin>148</xmin>
				<ymin>117</ymin>
				<xmax>188</xmax>
				<ymax>156</ymax>
			</bndbox>
		</part>
		<part>
			<name>foot</name>
			<bndbox>
				<xmin>41</xmin>
				<ymin>480</ymin>
				<xmax>121</xmax>
				<ymax>500</ymax>
			</bndbox>
		</part>
		<bndbox>
			<xmin>34</xmin>
			<ymin>31</ymin>
			<xmax>200</xmax>
			<ymax>500</ymax>
		</bndbox>
	</object>
</annotation>
