<annotation>
	<folder>VOC2012</folder>
	<filename>2007_003593.jpg</filename>
	<source>
		<database>The VOC2007 Database</database>
		<annotation>PASCAL VOC2007</annotation>
		<image>flickr</image>
	</source>
	<size>
		<width>500</width>
		<height>333</height>
		<depth>3</depth>
	</size>
	<segmented>1</segmented>
	<object>
		<name>sheep</name>
		<pose>Left</pose>
		<truncated>1</truncated>
		<difficult>0</difficult>
		<bndbox>
			<xmin>316</xmin>
			<ymin>135</ymin>
			<xmax>463</xmax>
			<ymax>265</ymax>
		</bndbox>
	</object>
	<object>
		<name>sheep</name>
		<pose>Left</pose>
		<truncated>1</truncated>
		<difficult>0</difficult>
		<bndbox>
			<xmin>62</xmin>
			<ymin>119</ymin>
			<xmax>314</xmax>
			<ymax>303</ymax>
		</bndbox>
	</object>
</annotation>
