<annotation>
	<folder>VOC2012</folder>
	<filename>2007_001583.jpg</filename>
	<source>
		<database>The VOC2007 Database</database>
		<annotation>PASCAL VOC2007</annotation>
		<image>flickr</image>
	</source>
	<size>
		<width>500</width>
		<height>375</height>
		<depth>3</depth>
	</size>
	<segmented>0</segmented>
	<object>
		<name>person</name>
		<pose>Unspecified</pose>
		<truncated>0</truncated>
		<difficult>0</difficult>
		<part>
			<name>hand</name>
			<bndbox>
				<xmin>367</xmin>
				<ymin>148</ymin>
				<xmax>386</xmax>
				<ymax>161</ymax>
			</bndbox>
		</part>
		<part>
			<name>hand</name>
			<bndbox>
				<xmin>395</xmin>
				<ymin>90</ymin>
				<xmax>410</xmax>
				<ymax>105</ymax>
			</bndbox>
		</part>
		<part>
			<name>foot</name>
			<bndbox>
				<xmin>329</xmin>
				<ymin>268</ymin>
				<xmax>356</xmax>
				<ymax>281</ymax>
			</bndbox>
		</part>
		<part>
			<name>foot</name>
			<bndbox>
				<xmin>351</xmin>
				<ymin>264</ymin>
				<xmax>366</xmax>
				<ymax>277</ymax>
			</bndbox>
		</part>
		<part>
			<name>head</name>
			<bndbox>
				<xmin>331</xmin>
				<ymin>46</ymin>
				<xmax>357</xmax>
				<ymax>80</ymax>
			</bndbox>
		</part>
		<bndbox>
			<xmin>312</xmin>
			<ymin>45</ymin>
			<xmax>412</xmax>
			<ymax>282</ymax>
		</bndbox>
	</object>
	<object>
		<name>person</name>
		<pose>Unspecified</pose>
		<truncated>0</truncated>
		<difficult>0</difficult>
		<part>
			<name>head</name>
			<bndbox>
				<xmin>82</xmin>
				<ymin>21</ymin>
				<xmax>152</xmax>
				<ymax>85</ymax>
			</bndbox>
		</part>
		<part>
			<name>hand</name>
			<bndbox>
				<xmin>108</xmin>
				<ymin>180</ymin>
				<xmax>137</xmax>
				<ymax>200</ymax>
			</bndbox>
		</part>
		<part>
			<name>hand</name>
			<bndbox>
				<xmin>211</xmin>
				<ymin>105</ymin>
				<xmax>234</xmax>
				<ymax>130</ymax>
			</bndbox>
		</part>
		<part>
			<name>foot</name>
			<bndbox>
				<xmin>147</xmin>
				<ymin>345</ymin>
				<xmax>171</xmax>
				<ymax>370</ymax>
			</bndbox>
		</part>
		<part>
			<name>foot</name>
			<bndbox>
				<xmin>142</xmin>
				<ymin>331</ymin>
				<xmax>182</xmax>
				<ymax>361</ymax>
			</bndbox>
		</part>
		<bndbox>
			<xmin>70</xmin>
			<ymin>16</ymin>
			<xmax>232</xmax>
			<ymax>375</ymax>
		</bndbox>
	</object>
</annotation>
