<annotation>
	<folder>VOC2012</folder>
	<filename>2007_004092.jpg</filename>
	<source>
		<database>The VOC2007 Database</database>
		<annotation>PASCAL VOC2007</annotation>
		<image>flickr</image>
	</source>
	<size>
		<width>500</width>
		<height>375</height>
		<depth>3</depth>
	</size>
	<segmented>0</segmented>
	<object>
		<name>person</name>
		<pose>Unspecified</pose>
		<truncated>1</truncated>
		<difficult>0</difficult>
		<part>
			<name>head</name>
			<bndbox>
				<xmin>117</xmin>
				<ymin>102</ymin>
				<xmax>236</xmax>
				<ymax>237</ymax>
			</bndbox>
		</part>
		<part>
			<name>hand</name>
			<bndbox>
				<xmin>143</xmin>
				<ymin>214</ymin>
				<xmax>216</xmax>
				<ymax>282</ymax>
			</bndbox>
		</part>
		<part>
			<name>hand</name>
			<bndbox>
				<xmin>256</xmin>
				<ymin>298</ymin>
				<xmax>308</xmax>
				<ymax>353</ymax>
			</bndbox>
		</part>
		<bndbox>
			<xmin>73</xmin>
			<ymin>102</ymin>
			<xmax>430</xmax>
			<ymax>374</ymax>
		</bndbox>
	</object>
</annotation>
