<annotation>
	<folder>VOC2012</folder>
	<filename>2007_005688.jpg</filename>
	<source>
		<database>The VOC2007 Database</database>
		<annotation>PASCAL VOC2007</annotation>
		<image>flickr</image>
	</source>
	<size>
		<width>500</width>
		<height>334</height>
		<depth>3</depth>
	</size>
	<segmented>1</segmented>
	<object>
		<name>cat</name>
		<pose>Unspecified</pose>
		<truncated>0</truncated>
		<difficult>0</difficult>
		<bndbox>
			<xmin>170</xmin>
			<ymin>44</ymin>
			<xmax>459</xmax>
			<ymax>251</ymax>
		</bndbox>
	</object>
	<object>
		<name>cat</name>
		<pose>Rear</pose>
		<truncated>0</truncated>
		<difficult>0</difficult>
		<bndbox>
			<xmin>72</xmin>
			<ymin>123</ymin>
			<xmax>387</xmax>
			<ymax>334</ymax>
		</bndbox>
	</object>
</annotation>
