<annotation>
	<folder>VOC2012</folder>
	<filename>2007_004831.jpg</filename>
	<source>
		<database>The VOC2007 Database</database>
		<annotation>PASCAL VOC2007</annotation>
		<image>flickr</image>
	</source>
	<size>
		<width>500</width>
		<height>333</height>
		<depth>3</depth>
	</size>
	<segmented>0</segmented>
	<object>
		<name>person</name>
		<pose>Unspecified</pose>
		<truncated>0</truncated>
		<difficult>0</difficult>
		<bndbox>
			<xmin>111</xmin>
			<ymin>29</ymin>
			<xmax>361</xmax>
			<ymax>318</ymax>
		</bndbox>
		<part>
			<name>head</name>
			<bndbox>
				<xmin>230</xmin>
				<ymin>25</ymin>
				<xmax>354</xmax>
				<ymax>171</ymax>
			</bndbox>
		</part>
		<part>
			<name>hand</name>
			<bndbox>
				<xmin>157</xmin>
				<ymin>145</ymin>
				<xmax>207</xmax>
				<ymax>203</ymax>
			</bndbox>
		</part>
		<part>
			<name>foot</name>
			<bndbox>
				<xmin>109</xmin>
				<ymin>169</ymin>
				<xmax>149</xmax>
				<ymax>212</ymax>
			</bndbox>
		</part>
		<part>
			<name>foot</name>
			<bndbox>
				<xmin>110</xmin>
				<ymin>272</ymin>
				<xmax>158</xmax>
				<ymax>316</ymax>
			</bndbox>
		</part>
	</object>
</annotation>
