<annotation>
	<folder>VOC2012</folder>
	<filename>2007_003682.jpg</filename>
	<source>
		<database>The VOC2007 Database</database>
		<annotation>PASCAL VOC2007</annotation>
		<image>flickr</image>
	</source>
	<size>
		<width>500</width>
		<height>334</height>
		<depth>3</depth>
	</size>
	<segmented>1</segmented>
	<object>
		<name>bird</name>
		<pose>Unspecified</pose>
		<truncated>0</truncated>
		<difficult>0</difficult>
		<bndbox>
			<xmin>344</xmin>
			<ymin>144</ymin>
			<xmax>406</xmax>
			<ymax>198</ymax>
		</bndbox>
	</object>
	<object>
		<name>bird</name>
		<pose>Right</pose>
		<truncated>0</truncated>
		<difficult>0</difficult>
		<bndbox>
			<xmin>34</xmin>
			<ymin>151</ymin>
			<xmax>167</xmax>
			<ymax>245</ymax>
		</bndbox>
	</object>
</annotation>
