<annotation>
	<folder>VOC2012</folder>
	<filename>2007_001667.jpg</filename>
	<source>
		<database>The VOC2007 Database</database>
		<annotation>PASCAL VOC2007</annotation>
		<image>flickr</image>
	</source>
	<size>
		<width>500</width>
		<height>333</height>
		<depth>3</depth>
	</size>
	<segmented>0</segmented>
	<object>
		<name>person</name>
		<pose>Rear</pose>
		<truncated>1</truncated>
		<difficult>0</difficult>
		<part>
			<name>head</name>
			<bndbox>
				<xmin>267</xmin>
				<ymin>116</ymin>
				<xmax>286</xmax>
				<ymax>137</ymax>
			</bndbox>
		</part>
		<part>
			<name>hand</name>
			<bndbox>
				<xmin>251</xmin>
				<ymin>163</ymin>
				<xmax>257</xmax>
				<ymax>177</ymax>
			</bndbox>
		</part>
		<bndbox>
			<xmin>251</xmin>
			<ymin>115</ymin>
			<xmax>298</xmax>
			<ymax>217</ymax>
		</bndbox>
	</object>
</annotation>
