<annotation>
	<folder>VOC2012</folder>
	<filename>2007_005310.jpg</filename>
	<source>
		<database>The VOC2007 Database</database>
		<annotation>PASCAL VOC2007</annotation>
		<image>flickr</image>
	</source>
	<size>
		<width>500</width>
		<height>333</height>
		<depth>3</depth>
	</size>
	<segmented>0</segmented>
	<object>
		<name>person</name>
		<pose>Unspecified</pose>
		<truncated>1</truncated>
		<difficult>0</difficult>
		<part>
			<name>head</name>
			<bndbox>
				<xmin>89</xmin>
				<ymin>172</ymin>
				<xmax>198</xmax>
				<ymax>294</ymax>
			</bndbox>
		</part>
		<part>
			<name>hand</name>
			<bndbox>
				<xmin>280</xmin>
				<ymin>247</ymin>
				<xmax>333</xmax>
				<ymax>285</ymax>
			</bndbox>
		</part>
		<part>
			<name>hand</name>
			<bndbox>
				<xmin>355</xmin>
				<ymin>250</ymin>
				<xmax>408</xmax>
				<ymax>292</ymax>
			</bndbox>
		</part>
		<bndbox>
			<xmin>29</xmin>
			<ymin>170</ymin>
			<xmax>414</xmax>
			<ymax>333</ymax>
		</bndbox>
	</object>
	<object>
		<name>person</name>
		<pose>Unspecified</pose>
		<truncated>1</truncated>
		<difficult>0</difficult>
		<part>
			<name>head</name>
			<bndbox>
				<xmin>136</xmin>
				<ymin>35</ymin>
				<xmax>211</xmax>
				<ymax>108</ymax>
			</bndbox>
		</part>
		<part>
			<name>hand</name>
			<bndbox>
				<xmin>216</xmin>
				<ymin>183</ymin>
				<xmax>257</xmax>
				<ymax>210</ymax>
			</bndbox>
		</part>
		<part>
			<name>hand</name>
			<bndbox>
				<xmin>237</xmin>
				<ymin>163</ymin>
				<xmax>259</xmax>
				<ymax>200</ymax>
			</bndbox>
		</part>
		<bndbox>
			<xmin>100</xmin>
			<ymin>33</ymin>
			<xmax>259</xmax>
			<ymax>301</ymax>
		</bndbox>
	</object>
</annotation>
