<annotation>
	<folder>VOC2012</folder>
	<filename>2007_005206.jpg</filename>
	<source>
		<database>The VOC2007 Database</database>
		<annotation>PASCAL VOC2007</annotation>
		<image>flickr</image>
	</source>
	<size>
		<width>500</width>
		<height>375</height>
		<depth>3</depth>
	</size>
	<segmented>0</segmented>
	<object>
		<name>person</name>
		<pose>Unspecified</pose>
		<truncated>0</truncated>
		<difficult>0</difficult>
		<bndbox>
			<xmin>214</xmin>
			<ymin>146</ymin>
			<xmax>256</xmax>
			<ymax>298</ymax>
		</bndbox>
		<part>
			<name>head</name>
			<bndbox>
				<xmin>229</xmin>
				<ymin>146</ymin>
				<xmax>247</xmax>
				<ymax>167</ymax>
			</bndbox>
		</part>
		<part>
			<name>hand</name>
			<bndbox>
				<xmin>232</xmin>
				<ymin>172</ymin>
				<xmax>242</xmax>
				<ymax>185</ymax>
			</bndbox>
		</part>
		<part>
			<name>hand</name>
			<bndbox>
				<xmin>246</xmin>
				<ymin>176</ymin>
				<xmax>256</xmax>
				<ymax>186</ymax>
			</bndbox>
		</part>
		<part>
			<name>foot</name>
			<bndbox>
				<xmin>218</xmin>
				<ymin>285</ymin>
				<xmax>242</xmax>
				<ymax>297</ymax>
			</bndbox>
		</part>
	</object>
</annotation>
