<annotation>
	<folder>VOC2012</folder>
	<filename>2007_003104.jpg</filename>
	<source>
		<database>The VOC2007 Database</database>
		<annotation>PASCAL VOC2007</annotation>
		<image>flickr</image>
	</source>
	<size>
		<width>500</width>
		<height>375</height>
		<depth>3</depth>
	</size>
	<segmented>0</segmented>
	<object>
		<name>person</name>
		<pose>Rear</pose>
		<truncated>0</truncated>
		<difficult>0</difficult>
		<part>
			<name>head</name>
			<bndbox>
				<xmin>85</xmin>
				<ymin>72</ymin>
				<xmax>122</xmax>
				<ymax>118</ymax>
			</bndbox>
		</part>
		<part>
			<name>foot</name>
			<bndbox>
				<xmin>99</xmin>
				<ymin>341</ymin>
				<xmax>128</xmax>
				<ymax>367</ymax>
			</bndbox>
		</part>
		<part>
			<name>foot</name>
			<bndbox>
				<xmin>121</xmin>
				<ymin>339</ymin>
				<xmax>161</xmax>
				<ymax>360</ymax>
			</bndbox>
		</part>
		<bndbox>
			<xmin>64</xmin>
			<ymin>71</ymin>
			<xmax>161</xmax>
			<ymax>368</ymax>
		</bndbox>
	</object>
</annotation>
