<annotation>
	<folder>VOC2012</folder>
	<filename>2007_005425.jpg</filename>
	<source>
		<database>The VOC2007 Database</database>
		<annotation>PASCAL VOC2007</annotation>
		<image>flickr</image>
	</source>
	<size>
		<width>333</width>
		<height>500</height>
		<depth>3</depth>
	</size>
	<segmented>0</segmented>
	<object>
		<name>person</name>
		<pose>Unspecified</pose>
		<truncated>0</truncated>
		<difficult>0</difficult>
		<bndbox>
			<xmin>93</xmin>
			<ymin>94</ymin>
			<xmax>181</xmax>
			<ymax>422</ymax>
		</bndbox>
		<part>
			<name>head</name>
			<bndbox>
				<xmin>135</xmin>
				<ymin>94</ymin>
				<xmax>165</xmax>
				<ymax>141</ymax>
			</bndbox>
		</part>
		<part>
			<name>hand</name>
			<bndbox>
				<xmin>129</xmin>
				<ymin>209</ymin>
				<xmax>156</xmax>
				<ymax>242</ymax>
			</bndbox>
		</part>
		<part>
			<name>foot</name>
			<bndbox>
				<xmin>107</xmin>
				<ymin>403</ymin>
				<xmax>137</xmax>
				<ymax>420</ymax>
			</bndbox>
		</part>
		<part>
			<name>foot</name>
			<bndbox>
				<xmin>134</xmin>
				<ymin>397</ymin>
				<xmax>155</xmax>
				<ymax>416</ymax>
			</bndbox>
		</part>
		<part>
			<name>hand</name>
			<bndbox>
				<xmin>227</xmin>
				<ymin>189</ymin>
				<xmax>243</xmax>
				<ymax>210</ymax>
			</bndbox>
		</part>
	</object>
	<object>
		<name>person</name>
		<pose>Unspecified</pose>
		<truncated>0</truncated>
		<difficult>0</difficult>
		<bndbox>
			<xmin>160</xmin>
			<ymin>54</ymin>
			<xmax>259</xmax>
			<ymax>443</ymax>
		</bndbox>
		<part>
			<name>head</name>
			<bndbox>
				<xmin>162</xmin>
				<ymin>53</ymin>
				<xmax>203</xmax>
				<ymax>106</ymax>
			</bndbox>
		</part>
		<part>
			<name>hand</name>
			<bndbox>
				<xmin>231</xmin>
				<ymin>236</ymin>
				<xmax>255</xmax>
				<ymax>267</ymax>
			</bndbox>
		</part>
		<part>
			<name>foot</name>
			<bndbox>
				<xmin>220</xmin>
				<ymin>400</ymin>
				<xmax>246</xmax>
				<ymax>440</ymax>
			</bndbox>
		</part>
		<part>
			<name>foot</name>
			<bndbox>
				<xmin>175</xmin>
				<ymin>394</ymin>
				<xmax>228</xmax>
				<ymax>420</ymax>
			</bndbox>
		</part>
	</object>
</annotation>
