<annotation>
	<folder>VOC2012</folder>
	<filename>2007_001724.jpg</filename>
	<source>
		<database>The VOC2007 Database</database>
		<annotation>PASCAL VOC2007</annotation>
		<image>flickr</image>
	</source>
	<size>
		<width>275</width>
		<height>315</height>
		<depth>3</depth>
	</size>
	<segmented>1</segmented>
	<object>
		<name>horse</name>
		<pose>Unspecified</pose>
		<truncated>0</truncated>
		<difficult>0</difficult>
		<bndbox>
			<xmin>35</xmin>
			<ymin>15</ymin>
			<xmax>219</xmax>
			<ymax>302</ymax>
		</bndbox>
	</object>
</annotation>
