<annotation>
	<folder>VOC2012</folder>
	<filename>2007_004951.jpg</filename>
	<source>
		<database>The VOC2007 Database</database>
		<annotation>PASCAL VOC2007</annotation>
		<image>flickr</image>
	</source>
	<size>
		<width>500</width>
		<height>375</height>
		<depth>3</depth>
	</size>
	<segmented>1</segmented>
	<object>
		<name>train</name>
		<pose>Left</pose>
		<truncated>1</truncated>
		<difficult>0</difficult>
		<bndbox>
			<xmin>51</xmin>
			<ymin>142</ymin>
			<xmax>500</xmax>
			<ymax>262</ymax>
		</bndbox>
	</object>
	<object>
		<name>train</name>
		<pose>Unspecified</pose>
		<truncated>1</truncated>
		<difficult>1</difficult>
		<bndbox>
			<xmin>17</xmin>
			<ymin>162</ymin>
			<xmax>82</xmax>
			<ymax>253</ymax>
		</bndbox>
	</object>
</annotation>
