<annotation>
	<folder>VOC2012</folder>
	<filename>2007_004517.jpg</filename>
	<source>
		<database>The VOC2007 Database</database>
		<annotation>PASCAL VOC2007</annotation>
		<image>flickr</image>
	</source>
	<size>
		<width>421</width>
		<height>500</height>
		<depth>3</depth>
	</size>
	<segmented>0</segmented>
	<object>
		<name>person</name>
		<pose>Frontal</pose>
		<truncated>0</truncated>
		<difficult>0</difficult>
		<bndbox>
			<xmin>2</xmin>
			<ymin>98</ymin>
			<xmax>355</xmax>
			<ymax>500</ymax>
		</bndbox>
		<part>
			<name>head</name>
			<bndbox>
				<xmin>295</xmin>
				<ymin>98</ymin>
				<xmax>356</xmax>
				<ymax>178</ymax>
			</bndbox>
		</part>
		<part>
			<name>hand</name>
			<bndbox>
				<xmin>221</xmin>
				<ymin>288</ymin>
				<xmax>260</xmax>
				<ymax>313</ymax>
			</bndbox>
		</part>
		<part>
			<name>hand</name>
			<bndbox>
				<xmin>137</xmin>
				<ymin>240</ymin>
				<xmax>174</xmax>
				<ymax>281</ymax>
			</bndbox>
		</part>
	</object>
</annotation>
