<annotation>
	<folder>VOC2012</folder>
	<filename>2007_002262.jpg</filename>
	<source>
		<database>The VOC2007 Database</database>
		<annotation>PASCAL VOC2007</annotation>
		<image>flickr</image>
	</source>
	<size>
		<width>500</width>
		<height>333</height>
		<depth>3</depth>
	</size>
	<segmented>0</segmented>
	<object>
		<name>person</name>
		<pose>Unspecified</pose>
		<truncated>1</truncated>
		<difficult>0</difficult>
		<part>
			<name>head</name>
			<bndbox>
				<xmin>192</xmin>
				<ymin>39</ymin>
				<xmax>384</xmax>
				<ymax>211</ymax>
			</bndbox>
		</part>
		<part>
			<name>hand</name>
			<bndbox>
				<xmin>225</xmin>
				<ymin>55</ymin>
				<xmax>302</xmax>
				<ymax>167</ymax>
			</bndbox>
		</part>
		<part>
			<name>hand</name>
			<bndbox>
				<xmin>153</xmin>
				<ymin>61</ymin>
				<xmax>218</xmax>
				<ymax>177</ymax>
			</bndbox>
		</part>
		<bndbox>
			<xmin>93</xmin>
			<ymin>36</ymin>
			<xmax>467</xmax>
			<ymax>333</ymax>
		</bndbox>
	</object>
</annotation>
