<annotation>
	<folder>VOC2012</folder>
	<filename>2007_002845.jpg</filename>
	<source>
		<database>The VOC2007 Database</database>
		<annotation>PASCAL VOC2007</annotation>
		<image>flickr</image>
	</source>
	<size>
		<width>375</width>
		<height>500</height>
		<depth>3</depth>
	</size>
	<segmented>1</segmented>
	<object>
		<name>sheep</name>
		<pose>Right</pose>
		<truncated>0</truncated>
		<difficult>0</difficult>
		<bndbox>
			<xmin>284</xmin>
			<ymin>196</ymin>
			<xmax>326</xmax>
			<ymax>216</ymax>
		</bndbox>
	</object>
	<object>
		<name>sheep</name>
		<pose>Right</pose>
		<truncated>0</truncated>
		<difficult>0</difficult>
		<bndbox>
			<xmin>14</xmin>
			<ymin>265</ymin>
			<xmax>175</xmax>
			<ymax>347</ymax>
		</bndbox>
	</object>
	<object>
		<name>sheep</name>
		<pose>Right</pose>
		<truncated>0</truncated>
		<difficult>0</difficult>
		<bndbox>
			<xmin>140</xmin>
			<ymin>199</ymin>
			<xmax>186</xmax>
			<ymax>235</ymax>
		</bndbox>
	</object>
	<object>
		<name>sheep</name>
		<pose>Frontal</pose>
		<truncated>0</truncated>
		<difficult>0</difficult>
		<bndbox>
			<xmin>220</xmin>
			<ymin>210</ymin>
			<xmax>248</xmax>
			<ymax>229</ymax>
		</bndbox>
	</object>
	<object>
		<name>sheep</name>
		<pose>Frontal</pose>
		<truncated>0</truncated>
		<difficult>0</difficult>
		<bndbox>
			<xmin>254</xmin>
			<ymin>204</ymin>
			<xmax>279</xmax>
			<ymax>227</ymax>
		</bndbox>
	</object>
	<object>
		<name>sheep</name>
		<pose>Unspecified</pose>
		<truncated>0</truncated>
		<difficult>0</difficult>
		<bndbox>
			<xmin>230</xmin>
			<ymin>201</ymin>
			<xmax>256</xmax>
			<ymax>220</ymax>
		</bndbox>
	</object>
</annotation>
