<annotation>
	<folder>VOC2012</folder>
	<filename>2007_005969.jpg</filename>
	<source>
		<database>The VOC2007 Database</database>
		<annotation>PASCAL VOC2007</annotation>
		<image>flickr</image>
	</source>
	<size>
		<width>500</width>
		<height>375</height>
		<depth>3</depth>
	</size>
	<segmented>0</segmented>
	<object>
		<name>person</name>
		<pose>Frontal</pose>
		<truncated>1</truncated>
		<difficult>0</difficult>
		<part>
			<name>head</name>
			<bndbox>
				<xmin>170</xmin>
				<ymin>61</ymin>
				<xmax>246</xmax>
				<ymax>140</ymax>
			</bndbox>
		</part>
		<part>
			<name>hand</name>
			<bndbox>
				<xmin>300</xmin>
				<ymin>140</ymin>
				<xmax>337</xmax>
				<ymax>181</ymax>
			</bndbox>
		</part>
		<part>
			<name>hand</name>
			<bndbox>
				<xmin>41</xmin>
				<ymin>177</ymin>
				<xmax>96</xmax>
				<ymax>208</ymax>
			</bndbox>
		</part>
		<bndbox>
			<xmin>41</xmin>
			<ymin>59</ymin>
			<xmax>353</xmax>
			<ymax>375</ymax>
		</bndbox>
	</object>
</annotation>
