<annotation>
	<folder>VOC2012</folder>
	<filename>2007_003581.jpg</filename>
	<source>
		<database>The VOC2007 Database</database>
		<annotation>PASCAL VOC2007</annotation>
		<image>flickr</image>
	</source>
	<size>
		<width>500</width>
		<height>375</height>
		<depth>3</depth>
	</size>
	<segmented>0</segmented>
	<object>
		<name>person</name>
		<pose>Unspecified</pose>
		<truncated>1</truncated>
		<difficult>0</difficult>
		<bndbox>
			<xmin>2</xmin>
			<ymin>24</ymin>
			<xmax>265</xmax>
			<ymax>375</ymax>
		</bndbox>
		<part>
			<name>head</name>
			<bndbox>
				<xmin>49</xmin>
				<ymin>26</ymin>
				<xmax>123</xmax>
				<ymax>114</ymax>
			</bndbox>
		</part>
		<part>
			<name>hand</name>
			<bndbox>
				<xmin>213</xmin>
				<ymin>132</ymin>
				<xmax>264</xmax>
				<ymax>168</ymax>
			</bndbox>
		</part>
		<part>
			<name>hand</name>
			<bndbox>
				<xmin>93</xmin>
				<ymin>152</ymin>
				<xmax>158</xmax>
				<ymax>203</ymax>
			</bndbox>
		</part>
	</object>
	<object>
		<name>person</name>
		<pose>Frontal</pose>
		<truncated>1</truncated>
		<difficult>0</difficult>
		<bndbox>
			<xmin>305</xmin>
			<ymin>30</ymin>
			<xmax>498</xmax>
			<ymax>375</ymax>
		</bndbox>
		<part>
			<name>head</name>
			<bndbox>
				<xmin>361</xmin>
				<ymin>29</ymin>
				<xmax>417</xmax>
				<ymax>101</ymax>
			</bndbox>
		</part>
		<part>
			<name>hand</name>
			<bndbox>
				<xmin>387</xmin>
				<ymin>151</ymin>
				<xmax>440</xmax>
				<ymax>190</ymax>
			</bndbox>
		</part>
		<part>
			<name>hand</name>
			<bndbox>
				<xmin>305</xmin>
				<ymin>177</ymin>
				<xmax>339</xmax>
				<ymax>215</ymax>
			</bndbox>
		</part>
	</object>
	<object>
		<name>person</name>
		<pose>Unspecified</pose>
		<truncated>0</truncated>
		<difficult>0</difficult>
		<bndbox>
			<xmin>274</xmin>
			<ymin>1</ymin>
			<xmax>321</xmax>
			<ymax>69</ymax>
		</bndbox>
		<part>
			<name>head</name>
			<bndbox>
				<xmin>299</xmin>
				<ymin>1</ymin>
				<xmax>310</xmax>
				<ymax>13</ymax>
			</bndbox>
		</part>
		<part>
			<name>foot</name>
			<bndbox>
				<xmin>284</xmin>
				<ymin>44</ymin>
				<xmax>297</xmax>
				<ymax>53</ymax>
			</bndbox>
		</part>
		<part>
			<name>foot</name>
			<bndbox>
				<xmin>271</xmin>
				<ymin>59</ymin>
				<xmax>288</xmax>
				<ymax>68</ymax>
			</bndbox>
		</part>
		<part>
			<name>hand</name>
			<bndbox>
				<xmin>305</xmin>
				<ymin>6</ymin>
				<xmax>312</xmax>
				<ymax>15</ymax>
			</bndbox>
		</part>
	</object>
</annotation>
