<annotation>
	<folder>VOC2012</folder>
	<filename>2007_005691.jpg</filename>
	<source>
		<database>The VOC2007 Database</database>
		<annotation>PASCAL VOC2007</annotation>
		<image>flickr</image>
	</source>
	<size>
		<width>220</width>
		<height>500</height>
		<depth>3</depth>
	</size>
	<segmented>0</segmented>
	<object>
		<name>person</name>
		<pose>Frontal</pose>
		<truncated>1</truncated>
		<difficult>0</difficult>
		<part>
			<name>head</name>
			<bndbox>
				<xmin>58</xmin>
				<ymin>6</ymin>
				<xmax>135</xmax>
				<ymax>111</ymax>
			</bndbox>
		</part>
		<part>
			<name>hand</name>
			<bndbox>
				<xmin>10</xmin>
				<ymin>341</ymin>
				<xmax>49</xmax>
				<ymax>394</ymax>
			</bndbox>
		</part>
		<part>
			<name>hand</name>
			<bndbox>
				<xmin>151</xmin>
				<ymin>211</ymin>
				<xmax>214</xmax>
				<ymax>268</ymax>
			</bndbox>
		</part>
		<bndbox>
			<xmin>3</xmin>
			<ymin>1</ymin>
			<xmax>218</xmax>
			<ymax>500</ymax>
		</bndbox>
	</object>
</annotation>
