<annotation>
	<folder>VOC2012</folder>
	<filename>2007_004049.jpg</filename>
	<source>
		<database>The VOC2007 Database</database>
		<annotation>PASCAL VOC2007</annotation>
		<image>flickr</image>
	</source>
	<size>
		<width>469</width>
		<height>500</height>
		<depth>3</depth>
	</size>
	<segmented>0</segmented>
	<object>
		<name>person</name>
		<pose>Unspecified</pose>
		<truncated>1</truncated>
		<difficult>0</difficult>
		<part>
			<name>head</name>
			<bndbox>
				<xmin>143</xmin>
				<ymin>9</ymin>
				<xmax>274</xmax>
				<ymax>146</ymax>
			</bndbox>
		</part>
		<part>
			<name>hand</name>
			<bndbox>
				<xmin>2</xmin>
				<ymin>310</ymin>
				<xmax>66</xmax>
				<ymax>363</ymax>
			</bndbox>
		</part>
		<part>
			<name>hand</name>
			<bndbox>
				<xmin>7</xmin>
				<ymin>359</ymin>
				<xmax>79</xmax>
				<ymax>434</ymax>
			</bndbox>
		</part>
		<bndbox>
			<xmin>2</xmin>
			<ymin>2</ymin>
			<xmax>331</xmax>
			<ymax>499</ymax>
		</bndbox>
	</object>
	<object>
		<name>person</name>
		<pose>Unspecified</pose>
		<truncated>1</truncated>
		<difficult>0</difficult>
		<part>
			<name>head</name>
			<bndbox>
				<xmin>309</xmin>
				<ymin>12</ymin>
				<xmax>452</xmax>
				<ymax>192</ymax>
			</bndbox>
		</part>
		<part>
			<name>hand</name>
			<bndbox>
				<xmin>210</xmin>
				<ymin>333</ymin>
				<xmax>268</xmax>
				<ymax>388</ymax>
			</bndbox>
		</part>
		<part>
			<name>hand</name>
			<bndbox>
				<xmin>209</xmin>
				<ymin>403</ymin>
				<xmax>288</xmax>
				<ymax>466</ymax>
			</bndbox>
		</part>
		<bndbox>
			<xmin>79</xmin>
			<ymin>4</ymin>
			<xmax>469</xmax>
			<ymax>499</ymax>
		</bndbox>
	</object>
</annotation>
