<annotation>
	<folder>VOC2012</folder>
	<filename>2007_006282.jpg</filename>
	<source>
		<database>The VOC2007 Database</database>
		<annotation>PASCAL VOC2007</annotation>
		<image>flickr</image>
	</source>
	<size>
		<width>500</width>
		<height>334</height>
		<depth>3</depth>
	</size>
	<segmented>0</segmented>
	<object>
		<name>person</name>
		<pose>Frontal</pose>
		<truncated>1</truncated>
		<difficult>0</difficult>
		<bndbox>
			<xmin>119</xmin>
			<ymin>98</ymin>
			<xmax>312</xmax>
			<ymax>334</ymax>
		</bndbox>
		<part>
			<name>head</name>
			<bndbox>
				<xmin>177</xmin>
				<ymin>98</ymin>
				<xmax>232</xmax>
				<ymax>175</ymax>
			</bndbox>
		</part>
		<part>
			<name>hand</name>
			<bndbox>
				<xmin>199</xmin>
				<ymin>280</ymin>
				<xmax>242</xmax>
				<ymax>318</ymax>
			</bndbox>
		</part>
		<part>
			<name>hand</name>
			<bndbox>
				<xmin>174</xmin>
				<ymin>294</ymin>
				<xmax>219</xmax>
				<ymax>326</ymax>
			</bndbox>
		</part>
	</object>
</annotation>
