<annotation>
	<folder>VOC2012</folder>
	<filename>2007_006046.jpg</filename>
	<source>
		<database>The VOC2007 Database</database>
		<annotation>PASCAL VOC2007</annotation>
		<image>flickr</image>
	</source>
	<size>
		<width>500</width>
		<height>332</height>
		<depth>3</depth>
	</size>
	<segmented>1</segmented>
	<object>
		<name>boat</name>
		<pose>Left</pose>
		<truncated>0</truncated>
		<difficult>0</difficult>
		<bndbox>
			<xmin>189</xmin>
			<ymin>104</ymin>
			<xmax>243</xmax>
			<ymax>206</ymax>
		</bndbox>
	</object>
	<object>
		<name>boat</name>
		<pose>Left</pose>
		<truncated>0</truncated>
		<difficult>0</difficult>
		<bndbox>
			<xmin>261</xmin>
			<ymin>126</ymin>
			<xmax>306</xmax>
			<ymax>204</ymax>
		</bndbox>
	</object>
	<object>
		<name>boat</name>
		<pose>Unspecified</pose>
		<truncated>1</truncated>
		<difficult>1</difficult>
		<bndbox>
			<xmin>481</xmin>
			<ymin>183</ymin>
			<xmax>500</xmax>
			<ymax>211</ymax>
		</bndbox>
	</object>
</annotation>
