<annotation>
	<folder>VOC2012</folder>
	<filename>2007_002403.jpg</filename>
	<source>
		<database>The VOC2007 Database</database>
		<annotation>PASCAL VOC2007</annotation>
		<image>flickr</image>
	</source>
	<size>
		<width>500</width>
		<height>375</height>
		<depth>3</depth>
	</size>
	<segmented>1</segmented>
	<object>
		<name>person</name>
		<pose>Right</pose>
		<truncated>0</truncated>
		<difficult>0</difficult>
		<bndbox>
			<xmin>316</xmin>
			<ymin>114</ymin>
			<xmax>334</xmax>
			<ymax>160</ymax>
		</bndbox>
	</object>
	<object>
		<name>bird</name>
		<pose>Left</pose>
		<truncated>0</truncated>
		<difficult>0</difficult>
		<bndbox>
			<xmin>373</xmin>
			<ymin>182</ymin>
			<xmax>407</xmax>
			<ymax>226</ymax>
		</bndbox>
	</object>
	<object>
		<name>boat</name>
		<pose>Right</pose>
		<truncated>0</truncated>
		<difficult>0</difficult>
		<bndbox>
			<xmin>283</xmin>
			<ymin>30</ymin>
			<xmax>394</xmax>
			<ymax>174</ymax>
		</bndbox>
	</object>
</annotation>
