<annotation>
	<folder>VOC2012</folder>
	<filename>2007_004238.jpg</filename>
	<source>
		<database>The VOC2007 Database</database>
		<annotation>PASCAL VOC2007</annotation>
		<image>flickr</image>
	</source>
	<size>
		<width>500</width>
		<height>357</height>
		<depth>3</depth>
	</size>
	<segmented>0</segmented>
	<object>
		<name>person</name>
		<pose>Unspecified</pose>
		<truncated>1</truncated>
		<difficult>0</difficult>
		<part>
			<name>head</name>
			<bndbox>
				<xmin>47</xmin>
				<ymin>110</ymin>
				<xmax>82</xmax>
				<ymax>152</ymax>
			</bndbox>
		</part>
		<part>
			<name>hand</name>
			<bndbox>
				<xmin>37</xmin>
				<ymin>214</ymin>
				<xmax>65</xmax>
				<ymax>239</ymax>
			</bndbox>
		</part>
		<bndbox>
			<xmin>10</xmin>
			<ymin>105</ymin>
			<xmax>112</xmax>
			<ymax>357</ymax>
		</bndbox>
	</object>
	<object>
		<name>person</name>
		<pose>Unspecified</pose>
		<truncated>1</truncated>
		<difficult>0</difficult>
		<part>
			<name>head</name>
			<bndbox>
				<xmin>263</xmin>
				<ymin>117</ymin>
				<xmax>299</xmax>
				<ymax>165</ymax>
			</bndbox>
		</part>
		<part>
			<name>hand</name>
			<bndbox>
				<xmin>238</xmin>
				<ymin>253</ymin>
				<xmax>258</xmax>
				<ymax>280</ymax>
			</bndbox>
		</part>
		<bndbox>
			<xmin>228</xmin>
			<ymin>112</ymin>
			<xmax>341</xmax>
			<ymax>357</ymax>
		</bndbox>
	</object>
	<object>
		<name>person</name>
		<pose>Unspecified</pose>
		<truncated>1</truncated>
		<difficult>0</difficult>
		<part>
			<name>head</name>
			<bndbox>
				<xmin>366</xmin>
				<ymin>29</ymin>
				<xmax>412</xmax>
				<ymax>83</ymax>
			</bndbox>
		</part>
		<part>
			<name>hand</name>
			<bndbox>
				<xmin>335</xmin>
				<ymin>45</ymin>
				<xmax>365</xmax>
				<ymax>79</ymax>
			</bndbox>
		</part>
		<part>
			<name>hand</name>
			<bndbox>
				<xmin>428</xmin>
				<ymin>114</ymin>
				<xmax>457</xmax>
				<ymax>148</ymax>
			</bndbox>
		</part>
		<bndbox>
			<xmin>314</xmin>
			<ymin>24</ymin>
			<xmax>483</xmax>
			<ymax>357</ymax>
		</bndbox>
	</object>
</annotation>
