<annotation>
	<folder>VOC2012</folder>
	<filename>2007_002266.jpg</filename>
	<source>
		<database>The VOC2007 Database</database>
		<annotation>PASCAL VOC2007</annotation>
		<image>flickr</image>
	</source>
	<size>
		<width>500</width>
		<height>373</height>
		<depth>3</depth>
	</size>
	<segmented>1</segmented>
	<object>
		<name>aeroplane</name>
		<pose>Rear</pose>
		<truncated>1</truncated>
		<difficult>0</difficult>
		<bndbox>
			<xmin>231</xmin>
			<ymin>251</ymin>
			<xmax>458</xmax>
			<ymax>346</ymax>
		</bndbox>
	</object>
	<object>
		<name>aeroplane</name>
		<pose>Left</pose>
		<truncated>0</truncated>
		<difficult>0</difficult>
		<bndbox>
			<xmin>5</xmin>
			<ymin>118</ymin>
			<xmax>499</xmax>
			<ymax>258</ymax>
		</bndbox>
	</object>
</annotation>
