<annotation>
	<folder>VOC2012</folder>
	<filename>2007_005019.jpg</filename>
	<source>
		<database>The VOC2007 Database</database>
		<annotation>PASCAL VOC2007</annotation>
		<image>flickr</image>
	</source>
	<size>
		<width>500</width>
		<height>341</height>
		<depth>3</depth>
	</size>
	<segmented>0</segmented>
	<object>
		<name>person</name>
		<pose>Unspecified</pose>
		<truncated>1</truncated>
		<difficult>0</difficult>
		<part>
			<name>head</name>
			<bndbox>
				<xmin>172</xmin>
				<ymin>1</ymin>
				<xmax>272</xmax>
				<ymax>120</ymax>
			</bndbox>
		</part>
		<part>
			<name>hand</name>
			<bndbox>
				<xmin>384</xmin>
				<ymin>224</ymin>
				<xmax>440</xmax>
				<ymax>262</ymax>
			</bndbox>
		</part>
		<bndbox>
			<xmin>135</xmin>
			<ymin>1</ymin>
			<xmax>441</xmax>
			<ymax>340</ymax>
		</bndbox>
	</object>
	<object>
		<name>person</name>
		<pose>Unspecified</pose>
		<truncated>0</truncated>
		<difficult>0</difficult>
		<part>
			<name>head</name>
			<bndbox>
				<xmin>40</xmin>
				<ymin>129</ymin>
				<xmax>89</xmax>
				<ymax>193</ymax>
			</bndbox>
		</part>
		<part>
			<name>hand</name>
			<bndbox>
				<xmin>7</xmin>
				<ymin>214</ymin>
				<xmax>24</xmax>
				<ymax>235</ymax>
			</bndbox>
		</part>
		<part>
			<name>hand</name>
			<bndbox>
				<xmin>124</xmin>
				<ymin>208</ymin>
				<xmax>138</xmax>
				<ymax>217</ymax>
			</bndbox>
		</part>
		<part>
			<name>foot</name>
			<bndbox>
				<xmin>97</xmin>
				<ymin>283</ymin>
				<xmax>109</xmax>
				<ymax>302</ymax>
			</bndbox>
		</part>
		<part>
			<name>foot</name>
			<bndbox>
				<xmin>129</xmin>
				<ymin>327</ymin>
				<xmax>147</xmax>
				<ymax>339</ymax>
			</bndbox>
		</part>
		<bndbox>
			<xmin>5</xmin>
			<ymin>128</ymin>
			<xmax>150</xmax>
			<ymax>340</ymax>
		</bndbox>
	</object>
</annotation>
