<annotation>
	<folder>VOC2012</folder>
	<filename>2007_005043.jpg</filename>
	<source>
		<database>The VOC2007 Database</database>
		<annotation>PASCAL VOC2007</annotation>
		<image>flickr</image>
	</source>
	<size>
		<width>500</width>
		<height>254</height>
		<depth>3</depth>
	</size>
	<segmented>1</segmented>
	<object>
		<name>aeroplane</name>
		<pose>Unspecified</pose>
		<truncated>0</truncated>
		<difficult>0</difficult>
		<bndbox>
			<xmin>309</xmin>
			<ymin>200</ymin>
			<xmax>426</xmax>
			<ymax>227</ymax>
		</bndbox>
	</object>
</annotation>
