<annotation>
	<folder>VOC2012</folder>
	<filename>2007_006240.jpg</filename>
	<source>
		<database>The VOC2007 Database</database>
		<annotation>PASCAL VOC2007</annotation>
		<image>flickr</image>
	</source>
	<size>
		<width>351</width>
		<height>467</height>
		<depth>3</depth>
	</size>
	<segmented>0</segmented>
	<object>
		<name>person</name>
		<pose>Unspecified</pose>
		<truncated>1</truncated>
		<difficult>0</difficult>
		<part>
			<name>head</name>
			<bndbox>
				<xmin>122</xmin>
				<ymin>15</ymin>
				<xmax>321</xmax>
				<ymax>250</ymax>
			</bndbox>
		</part>
		<part>
			<name>hand</name>
			<bndbox>
				<xmin>151</xmin>
				<ymin>332</ymin>
				<xmax>233</xmax>
				<ymax>455</ymax>
			</bndbox>
		</part>
		<bndbox>
			<xmin>1</xmin>
			<ymin>14</ymin>
			<xmax>350</xmax>
			<ymax>467</ymax>
		</bndbox>
	</object>
</annotation>
