<annotation>
	<folder>VOC2012</folder>
	<filename>2007_006786.jpg</filename>
	<source>
		<database>The VOC2007 Database</database>
		<annotation>PASCAL VOC2007</annotation>
		<image>flickr</image>
	</source>
	<size>
		<width>500</width>
		<height>375</height>
		<depth>3</depth>
	</size>
	<segmented>0</segmented>
	<object>
		<name>person</name>
		<pose>Frontal</pose>
		<truncated>0</truncated>
		<difficult>0</difficult>
		<bndbox>
			<xmin>82</xmin>
			<ymin>1</ymin>
			<xmax>324</xmax>
			<ymax>358</ymax>
		</bndbox>
		<part>
			<name>head</name>
			<bndbox>
				<xmin>225</xmin>
				<ymin>1</ymin>
				<xmax>270</xmax>
				<ymax>44</ymax>
			</bndbox>
		</part>
		<part>
			<name>foot</name>
			<bndbox>
				<xmin>79</xmin>
				<ymin>274</ymin>
				<xmax>167</xmax>
				<ymax>323</ymax>
			</bndbox>
		</part>
		<part>
			<name>foot</name>
			<bndbox>
				<xmin>236</xmin>
				<ymin>292</ymin>
				<xmax>312</xmax>
				<ymax>357</ymax>
			</bndbox>
		</part>
		<part>
			<name>hand</name>
			<bndbox>
				<xmin>212</xmin>
				<ymin>137</ymin>
				<xmax>241</xmax>
				<ymax>175</ymax>
			</bndbox>
		</part>
		<part>
			<name>hand</name>
			<bndbox>
				<xmin>226</xmin>
				<ymin>138</ymin>
				<xmax>266</xmax>
				<ymax>180</ymax>
			</bndbox>
		</part>
	</object>
	<object>
		<name>person</name>
		<pose>Unspecified</pose>
		<truncated>0</truncated>
		<difficult>0</difficult>
		<bndbox>
			<xmin>296</xmin>
			<ymin>24</ymin>
			<xmax>451</xmax>
			<ymax>328</ymax>
		</bndbox>
		<part>
			<name>head</name>
			<bndbox>
				<xmin>342</xmin>
				<ymin>23</ymin>
				<xmax>373</xmax>
				<ymax>86</ymax>
			</bndbox>
		</part>
		<part>
			<name>foot</name>
			<bndbox>
				<xmin>322</xmin>
				<ymin>295</ymin>
				<xmax>361</xmax>
				<ymax>328</ymax>
			</bndbox>
		</part>
		<part>
			<name>foot</name>
			<bndbox>
				<xmin>393</xmin>
				<ymin>261</ymin>
				<xmax>452</xmax>
				<ymax>298</ymax>
			</bndbox>
		</part>
	</object>
</annotation>
